INSERT INTO `users` (`id`, `firstname`, `lastname`, `password_hash`, `phone`) VALUES ('101', 'Alexander', 'Shanahan', 'c32b10fa35c8b4d469e647bdfd035b034680e737', '880988');
INSERT INTO `users` (`id`, `firstname`, `lastname`, `password_hash`, `phone`) VALUES ('102', 'Zelda', 'Thiel', 'dbb11c904db53ca8c8eed518841bddedfc38d060', '662');
INSERT INTO `users` (`id`, `firstname`, `lastname`, `password_hash`, `phone`) VALUES ('103', 'Velma', 'Goodwin', '32f3b4fa3b56ba0ad06dd62c297a02d4a5c8f810', '29');
INSERT INTO `users` (`id`, `firstname`, `lastname`, `password_hash`, `phone`) VALUES ('104', 'Earline', 'Buckridge', '678bc621ec0a9697a98c8fc532e7b0460c3fee7d', '614428');
INSERT INTO `users` (`id`, `firstname`, `lastname`, `password_hash`, `phone`) VALUES ('105', 'Oleta', 'Russel', '52a884d2e176aefbdc0f8ae5185eb934c92c7f6a', '423877');
INSERT INTO `users` (`id`, `firstname`, `lastname`, `password_hash`, `phone`) VALUES ('106', 'Karl', 'Mueller', 'aa6273b154e342bb0a20ee662c0db929d903f069', '663');
INSERT INTO `users` (`id`, `firstname`, `lastname`, `password_hash`, `phone`) VALUES ('107', 'Abagail', 'Reichert', '67f7737b970f36370048aa162d5a89f8bf37a30b', '0');
INSERT INTO `users` (`id`, `firstname`, `lastname`, `password_hash`, `phone`) VALUES ('108', 'Orpha', 'Miller', '4c30a60455ee6b8920c1b09ac547a176225fee49', '667');
INSERT INTO `users` (`id`, `firstname`, `lastname`, `password_hash`, `phone`) VALUES ('109', 'Maryjane', 'Gusikowski', '3f7728dbf6152443b09818b057313cd3f2423835', '480348');
INSERT INTO `users` (`id`, `firstname`, `lastname`, `password_hash`, `phone`) VALUES ('110', 'Raina', 'O\'Hara', '9512f05586d92c2ceef4ae0bc70dfdab44541c94', '244');
INSERT INTO `users` (`id`, `firstname`, `lastname`, `password_hash`, `phone`) VALUES ('111', 'Kale', 'Koepp', '5fbb8d8e199723aa21ce50eaeaa72fd1f9765fad', '43');
INSERT INTO `users` (`id`, `firstname`, `lastname`, `password_hash`, `phone`) VALUES ('112', 'Adrian', 'Jones', '7cf3c2aac0e057d4f2afeddae7fee02a7bf35724', '1');
INSERT INTO `users` (`id`, `firstname`, `lastname`, `password_hash`, `phone`) VALUES ('113', 'Christopher', 'O\'Hara', 'c9be507f2be09f0c1cabfcabba6151ce984e0446', '83');
INSERT INTO `users` (`id`, `firstname`, `lastname`, `password_hash`, `phone`) VALUES ('114', 'Marcelino', 'Goldner', '06913561aa28cf4c50bbd51a8dfa529d7707aa5c', '53');
INSERT INTO `users` (`id`, `firstname`, `lastname`, `password_hash`, `phone`) VALUES ('116', 'Candice', 'Koss', '8f9b58b830caa252b5e1aceae6e08dec8b8b148d', '808');
INSERT INTO `users` (`id`, `firstname`, `lastname`, `password_hash`, `phone`) VALUES ('117', 'Boyd', 'Herzog', '259c9a05e55933161de55ebd6889d64193d0ec42', '355132');
INSERT INTO `users` (`id`, `firstname`, `lastname`, `password_hash`, `phone`) VALUES ('118', 'Karli', 'Emard', '17f2a09a235b06a6cb927237637826e9c10c6c5b', '515');
INSERT INTO `users` (`id`, `firstname`, `lastname`, `password_hash`, `phone`) VALUES ('124', 'Justus', 'Conroy', 'd685f1c281abe8e56cb6261f89eac15737609429', '711');
INSERT INTO `users` (`id`, `firstname`, `lastname`, `password_hash`, `phone`) VALUES ('126', 'Mazie', 'Hoppe', '052ed436c9d7bf3a7613cc8eafdf52e779bd4733', '311276');
INSERT INTO `users` (`id`, `firstname`, `lastname`, `password_hash`, `phone`) VALUES ('128', 'Asha', 'Feil', '3ebb9eb667fc96fb27a409b4b2935b224983c4a5', '340');
INSERT INTO `users` (`id`, `firstname`, `lastname`, `password_hash`, `phone`) VALUES ('129', 'Dashawn', 'Cartwright', 'af34fdb4366364fd1bbc09a895870e850df36293', '163278');
INSERT INTO `users` (`id`, `firstname`, `lastname`, `password_hash`, `phone`) VALUES ('130', 'Leonel', 'Wunsch', 'e2b7d84ccdbc503c807d6ec4155ec132318b17f0', '494372');
INSERT INTO `users` (`id`, `firstname`, `lastname`, `password_hash`, `phone`) VALUES ('131', 'Amaya', 'Haag', '64de780061114515564df738a7e32253adbeddc7', '23');
INSERT INTO `users` (`id`, `firstname`, `lastname`, `password_hash`, `phone`) VALUES ('134', 'Cindy', 'Pouros', '8203e718b124fcaf8a6457b12f8d8b3de9769e5d', '986');
INSERT INTO `users` (`id`, `firstname`, `lastname`, `password_hash`, `phone`) VALUES ('136', 'Jevon', 'Graham', '12aa14ff4d278ad3cb995de4912da689e4d01fd3', '8082040274');
INSERT INTO `users` (`id`, `firstname`, `lastname`, `password_hash`, `phone`) VALUES ('137', 'Madison', 'Bauch', 'cde5aa07878051438dc804bf55093d79401e151b', '910');
INSERT INTO `users` (`id`, `firstname`, `lastname`, `password_hash`, `phone`) VALUES ('138', 'Jeffrey', 'Fritsch', 'd7d823617dd087439a69022f07c92cb836b71a7f', '147683');
INSERT INTO `users` (`id`, `firstname`, `lastname`, `password_hash`, `phone`) VALUES ('140', 'Tobin', 'Gulgowski', 'c615308973ade77da03a326aed118cd68e468a2e', '56');
INSERT INTO `users` (`id`, `firstname`, `lastname`, `password_hash`, `phone`) VALUES ('141', 'Michale', 'Ward', '2a0f633e7b1c0566bb954a4f458bd0abff273e95', '840690');
INSERT INTO `users` (`id`, `firstname`, `lastname`, `password_hash`, `phone`) VALUES ('143', 'Cleta', 'Keebler', 'e5ecb8f37b622a7f36e81b9ec96be3ef1da7c8ac', '674');
INSERT INTO `users` (`id`, `firstname`, `lastname`, `password_hash`, `phone`) VALUES ('146', 'Eliezer', 'Windler', '4722151d797d9e19527cfc2797639e843c5e2adb', '110');
INSERT INTO `users` (`id`, `firstname`, `lastname`, `password_hash`, `phone`) VALUES ('147', 'Modesto', 'Dach', '33271e8605f86db2519cbacae694ccfbe07fc936', '4');
INSERT INTO `users` (`id`, `firstname`, `lastname`, `password_hash`, `phone`) VALUES ('148', 'Lauretta', 'Sawayn', '98761cdb879f4accf198b5986915e52a49b0e4a5', '362011');
INSERT INTO `users` (`id`, `firstname`, `lastname`, `password_hash`, `phone`) VALUES ('152', 'Fanny', 'O\'Connell', '073deb701104234be6e32eb7eda77755decc7576', '85');
INSERT INTO `users` (`id`, `firstname`, `lastname`, `password_hash`, `phone`) VALUES ('153', 'Magali', 'Pollich', '3e218f1f412a83faa65c26b297efac7152ae5c09', '90');
INSERT INTO `users` (`id`, `firstname`, `lastname`, `password_hash`, `phone`) VALUES ('155', 'Elbert', 'Carter', '73c02fbeeab42a7d869714b34e818aaec03142cf', '862107');
INSERT INTO `users` (`id`, `firstname`, `lastname`, `password_hash`, `phone`) VALUES ('158', 'Robb', 'Runolfsdottir', '7fd3d2472aa61344c15884c37e324cce27c3a1de', '846976');
INSERT INTO `users` (`id`, `firstname`, `lastname`, `password_hash`, `phone`) VALUES ('159', 'Kenny', 'Runolfsson', 'd795f585819ffd86a6c1f820a18fa30ae2076386', '4662312101');
INSERT INTO `users` (`id`, `firstname`, `lastname`, `password_hash`, `phone`) VALUES ('160', 'Deron', 'Mann', '1e72006a67981548caa69f7cf18cdd2d252b59ca', '435893');
INSERT INTO `users` (`id`, `firstname`, `lastname`, `password_hash`, `phone`) VALUES ('161', 'Annabell', 'Nikolaus', '426e8e6d2068494f94f39b579689ddb85411a6cd', '16');
INSERT INTO `users` (`id`, `firstname`, `lastname`, `password_hash`, `phone`) VALUES ('165', 'Forrest', 'Wolff', '640b2a5cfee3ef9ac1a564469567bf77d4fd4341', '70');
INSERT INTO `users` (`id`, `firstname`, `lastname`, `password_hash`, `phone`) VALUES ('167', 'Bernardo', 'Heaney', '0ef85234f2466bc7fce0586ce12a672241deef82', '308');
INSERT INTO `users` (`id`, `firstname`, `lastname`, `password_hash`, `phone`) VALUES ('171', 'Delta', 'Borer', '4063cf6ac2aadcd3b6df8ad95cdc39dad4535401', '173');
INSERT INTO `users` (`id`, `firstname`, `lastname`, `password_hash`, `phone`) VALUES ('173', 'Catharine', 'Vandervort', 'fe3e0f4835d131d422c4a0484853e6534593f29a', '25');
INSERT INTO `users` (`id`, `firstname`, `lastname`, `password_hash`, `phone`) VALUES ('174', 'Dawson', 'Koss', '2c2900bd178e9395fa45bf6fe82a6c7895b6bb49', '159');
INSERT INTO `users` (`id`, `firstname`, `lastname`, `password_hash`, `phone`) VALUES ('175', 'Eliane', 'Kuhlman', 'a09902676782e88742ba0231221d0bb8fd1249ca', '428');
INSERT INTO `users` (`id`, `firstname`, `lastname`, `password_hash`, `phone`) VALUES ('177', 'Deontae', 'Boyer', 'dc09b31501310dbd9639ecda77a6ce217294281d', '567027');
INSERT INTO `users` (`id`, `firstname`, `lastname`, `password_hash`, `phone`) VALUES ('180', 'Lauriane', 'Bruen', 'ea4b6158c46befa737801cf2d2f766d9dbedda71', '93');
INSERT INTO `users` (`id`, `firstname`, `lastname`, `password_hash`, `phone`) VALUES ('182', 'Levi', 'Wintheiser', '259aef6bd0505966451859ac93b44fe80d754e82', '218858');
INSERT INTO `users` (`id`, `firstname`, `lastname`, `password_hash`, `phone`) VALUES ('183', 'Jazmin', 'Kuhn', 'fa0021fb9c6ee0767b7646e009279a03e4b2a18a', '722');
INSERT INTO `users` (`id`, `firstname`, `lastname`, `password_hash`, `phone`) VALUES ('184', 'Arjun', 'Gleichner', '60a0b4b00cbd1aa932b3c3ba114e93610be194de', '36646');
INSERT INTO `users` (`id`, `firstname`, `lastname`, `password_hash`, `phone`) VALUES ('185', 'Jana', 'Reinger', '68cd7931372bbfcf2c507759628f158fcb28ba9f', '9056682180');
INSERT INTO `users` (`id`, `firstname`, `lastname`, `password_hash`, `phone`) VALUES ('186', 'Brionna', 'Friesen', '8bc65654dd09de65bd860b8a84a88ba310aa5e3e', '422412');
INSERT INTO `users` (`id`, `firstname`, `lastname`, `password_hash`, `phone`) VALUES ('187', 'Stanford', 'Ebert', '868035eeeabd18f18024db907c6d2177ce41739d', '517');
INSERT INTO `users` (`id`, `firstname`, `lastname`, `password_hash`, `phone`) VALUES ('188', 'Claudia', 'Goldner', 'b05002e7fed8efb3f3e02d78c4e99054b9025c60', '894');
INSERT INTO `users` (`id`, `firstname`, `lastname`, `password_hash`, `phone`) VALUES ('189', 'Ozella', 'Buckridge', '20ca4d3c453db155dc240eade3715f1ebc77923c', '950070');
INSERT INTO `users` (`id`, `firstname`, `lastname`, `password_hash`, `phone`) VALUES ('190', 'Roxanne', 'Crooks', '9e3ac471c7480b7ddcadbf2c0c5526fa783fe669', '31392');
INSERT INTO `users` (`id`, `firstname`, `lastname`, `password_hash`, `phone`) VALUES ('191', 'Kurt', 'McLaughlin', 'df108a41e9f7848df85de23f39bd053c0746196c', '119065');
INSERT INTO `users` (`id`, `firstname`, `lastname`, `password_hash`, `phone`) VALUES ('194', 'Leonardo', 'Koelpin', '9202a4ffbf3344f8e3b3e23db34f02147fe84a9d', '622840');
INSERT INTO `users` (`id`, `firstname`, `lastname`, `password_hash`, `phone`) VALUES ('195', 'Marianna', 'Schuppe', '3e004bd5daaee7ea2d657099aa6eecb49804485b', '196266');
INSERT INTO `users` (`id`, `firstname`, `lastname`, `password_hash`, `phone`) VALUES ('196', 'Gabriel', 'Schimmel', '98206cad47fc62a9ba5085db850dccba76b786d8', '96');
INSERT INTO `users` (`id`, `firstname`, `lastname`, `password_hash`, `phone`) VALUES ('199', 'Chase', 'Hessel', '97034692ef1d32f6a9eb80f4eb3948d38373383d', '253');
INSERT INTO `users` (`id`, `firstname`, `lastname`, `password_hash`, `phone`) VALUES ('200', 'Torrance', 'Schamberger', '7dfe44445572d83ebe8a87453d14a63bd15fecc7', '737');


INSERT INTO `communities` (`id`, `name`, `admin_user_id`) VALUES ('1', 'eos', '101');
INSERT INTO `communities` (`id`, `name`, `admin_user_id`) VALUES ('2', 'enim', '102');
INSERT INTO `communities` (`id`, `name`, `admin_user_id`) VALUES ('3', 'exercitationem', '103');
INSERT INTO `communities` (`id`, `name`, `admin_user_id`) VALUES ('4', 'natus', '104');
INSERT INTO `communities` (`id`, `name`, `admin_user_id`) VALUES ('5', 'magnam', '105');
INSERT INTO `communities` (`id`, `name`, `admin_user_id`) VALUES ('6', 'neque', '106');
INSERT INTO `communities` (`id`, `name`, `admin_user_id`) VALUES ('7', 'magni', '107');
INSERT INTO `communities` (`id`, `name`, `admin_user_id`) VALUES ('8', 'veritatis', '108');
INSERT INTO `communities` (`id`, `name`, `admin_user_id`) VALUES ('9', 'illum', '109');
INSERT INTO `communities` (`id`, `name`, `admin_user_id`) VALUES ('10', 'dicta', '110');
INSERT INTO `communities` (`id`, `name`, `admin_user_id`) VALUES ('11', 'repellat', '111');
INSERT INTO `communities` (`id`, `name`, `admin_user_id`) VALUES ('12', 'voluptas', '112');
INSERT INTO `communities` (`id`, `name`, `admin_user_id`) VALUES ('13', 'officia', '113');
INSERT INTO `communities` (`id`, `name`, `admin_user_id`) VALUES ('14', 'rerum', '114');
INSERT INTO `communities` (`id`, `name`, `admin_user_id`) VALUES ('15', 'facere', '116');
INSERT INTO `communities` (`id`, `name`, `admin_user_id`) VALUES ('16', 'accusamus', '117');
INSERT INTO `communities` (`id`, `name`, `admin_user_id`) VALUES ('17', 'dolores', '118');
INSERT INTO `communities` (`id`, `name`, `admin_user_id`) VALUES ('18', 'et', '124');
INSERT INTO `communities` (`id`, `name`, `admin_user_id`) VALUES ('19', 'est', '126');
INSERT INTO `communities` (`id`, `name`, `admin_user_id`) VALUES ('20', 'deserunt', '128');
INSERT INTO `communities` (`id`, `name`, `admin_user_id`) VALUES ('21', 'incidunt', '129');
INSERT INTO `communities` (`id`, `name`, `admin_user_id`) VALUES ('22', 'aliquam', '130');
INSERT INTO `communities` (`id`, `name`, `admin_user_id`) VALUES ('23', 'ducimus', '131');
INSERT INTO `communities` (`id`, `name`, `admin_user_id`) VALUES ('24', 'qui', '134');
INSERT INTO `communities` (`id`, `name`, `admin_user_id`) VALUES ('25', 'numquam', '136');
INSERT INTO `communities` (`id`, `name`, `admin_user_id`) VALUES ('26', 'tenetur', '137');
INSERT INTO `communities` (`id`, `name`, `admin_user_id`) VALUES ('27', 'odio', '138');
INSERT INTO `communities` (`id`, `name`, `admin_user_id`) VALUES ('28', 'et', '140');
INSERT INTO `communities` (`id`, `name`, `admin_user_id`) VALUES ('29', 'reprehenderit', '141');
INSERT INTO `communities` (`id`, `name`, `admin_user_id`) VALUES ('30', 'et', '143');
INSERT INTO `communities` (`id`, `name`, `admin_user_id`) VALUES ('31', 'tenetur', '146');
INSERT INTO `communities` (`id`, `name`, `admin_user_id`) VALUES ('32', 'tempora', '147');
INSERT INTO `communities` (`id`, `name`, `admin_user_id`) VALUES ('33', 'dolorem', '148');
INSERT INTO `communities` (`id`, `name`, `admin_user_id`) VALUES ('34', 'dicta', '152');
INSERT INTO `communities` (`id`, `name`, `admin_user_id`) VALUES ('35', 'est', '153');
INSERT INTO `communities` (`id`, `name`, `admin_user_id`) VALUES ('36', 'suscipit', '155');
INSERT INTO `communities` (`id`, `name`, `admin_user_id`) VALUES ('37', 'et', '158');
INSERT INTO `communities` (`id`, `name`, `admin_user_id`) VALUES ('38', 'quia', '159');
INSERT INTO `communities` (`id`, `name`, `admin_user_id`) VALUES ('39', 'dolore', '160');
INSERT INTO `communities` (`id`, `name`, `admin_user_id`) VALUES ('40', 'explicabo', '161');
INSERT INTO `communities` (`id`, `name`, `admin_user_id`) VALUES ('41', 'fugit', '165');
INSERT INTO `communities` (`id`, `name`, `admin_user_id`) VALUES ('42', 'sapiente', '167');
INSERT INTO `communities` (`id`, `name`, `admin_user_id`) VALUES ('43', 'earum', '171');
INSERT INTO `communities` (`id`, `name`, `admin_user_id`) VALUES ('44', 'veritatis', '173');
INSERT INTO `communities` (`id`, `name`, `admin_user_id`) VALUES ('45', 'corporis', '174');
INSERT INTO `communities` (`id`, `name`, `admin_user_id`) VALUES ('46', 'laborum', '175');
INSERT INTO `communities` (`id`, `name`, `admin_user_id`) VALUES ('47', 'enim', '177');
INSERT INTO `communities` (`id`, `name`, `admin_user_id`) VALUES ('48', 'ut', '180');
INSERT INTO `communities` (`id`, `name`, `admin_user_id`) VALUES ('49', 'soluta', '182');
INSERT INTO `communities` (`id`, `name`, `admin_user_id`) VALUES ('50', 'recusandae', '183');
INSERT INTO `communities` (`id`, `name`, `admin_user_id`) VALUES ('51', 'neque', '184');
INSERT INTO `communities` (`id`, `name`, `admin_user_id`) VALUES ('52', 'a', '185');
INSERT INTO `communities` (`id`, `name`, `admin_user_id`) VALUES ('53', 'necessitatibus', '186');
INSERT INTO `communities` (`id`, `name`, `admin_user_id`) VALUES ('54', 'culpa', '187');
INSERT INTO `communities` (`id`, `name`, `admin_user_id`) VALUES ('55', 'vitae', '188');
INSERT INTO `communities` (`id`, `name`, `admin_user_id`) VALUES ('56', 'est', '189');
INSERT INTO `communities` (`id`, `name`, `admin_user_id`) VALUES ('57', 'dicta', '190');
INSERT INTO `communities` (`id`, `name`, `admin_user_id`) VALUES ('58', 'ea', '191');
INSERT INTO `communities` (`id`, `name`, `admin_user_id`) VALUES ('59', 'sapiente', '194');
INSERT INTO `communities` (`id`, `name`, `admin_user_id`) VALUES ('60', 'provident', '195');
INSERT INTO `communities` (`id`, `name`, `admin_user_id`) VALUES ('61', 'nihil', '196');
INSERT INTO `communities` (`id`, `name`, `admin_user_id`) VALUES ('62', 'atque', '199');
INSERT INTO `communities` (`id`, `name`, `admin_user_id`) VALUES ('63', 'nemo', '200');
INSERT INTO `communities` (`id`, `name`, `admin_user_id`) VALUES ('64', 'ut', '101');
INSERT INTO `communities` (`id`, `name`, `admin_user_id`) VALUES ('65', 'voluptatem', '102');
INSERT INTO `communities` (`id`, `name`, `admin_user_id`) VALUES ('66', 'excepturi', '103');
INSERT INTO `communities` (`id`, `name`, `admin_user_id`) VALUES ('67', 'qui', '104');
INSERT INTO `communities` (`id`, `name`, `admin_user_id`) VALUES ('68', 'odio', '105');
INSERT INTO `communities` (`id`, `name`, `admin_user_id`) VALUES ('69', 'laboriosam', '106');
INSERT INTO `communities` (`id`, `name`, `admin_user_id`) VALUES ('70', 'veritatis', '107');
INSERT INTO `communities` (`id`, `name`, `admin_user_id`) VALUES ('71', 'reiciendis', '108');
INSERT INTO `communities` (`id`, `name`, `admin_user_id`) VALUES ('72', 'ab', '109');
INSERT INTO `communities` (`id`, `name`, `admin_user_id`) VALUES ('73', 'itaque', '110');
INSERT INTO `communities` (`id`, `name`, `admin_user_id`) VALUES ('74', 'error', '111');
INSERT INTO `communities` (`id`, `name`, `admin_user_id`) VALUES ('75', 'necessitatibus', '112');
INSERT INTO `communities` (`id`, `name`, `admin_user_id`) VALUES ('76', 'unde', '113');
INSERT INTO `communities` (`id`, `name`, `admin_user_id`) VALUES ('77', 'et', '114');
INSERT INTO `communities` (`id`, `name`, `admin_user_id`) VALUES ('78', 'voluptatem', '116');
INSERT INTO `communities` (`id`, `name`, `admin_user_id`) VALUES ('79', 'non', '117');
INSERT INTO `communities` (`id`, `name`, `admin_user_id`) VALUES ('80', 'sed', '118');
INSERT INTO `communities` (`id`, `name`, `admin_user_id`) VALUES ('81', 'sunt', '124');
INSERT INTO `communities` (`id`, `name`, `admin_user_id`) VALUES ('82', 'numquam', '126');
INSERT INTO `communities` (`id`, `name`, `admin_user_id`) VALUES ('83', 'laudantium', '128');
INSERT INTO `communities` (`id`, `name`, `admin_user_id`) VALUES ('84', 'quidem', '129');
INSERT INTO `communities` (`id`, `name`, `admin_user_id`) VALUES ('85', 'nisi', '130');
INSERT INTO `communities` (`id`, `name`, `admin_user_id`) VALUES ('86', 'impedit', '131');
INSERT INTO `communities` (`id`, `name`, `admin_user_id`) VALUES ('87', 'quae', '134');
INSERT INTO `communities` (`id`, `name`, `admin_user_id`) VALUES ('88', 'assumenda', '136');
INSERT INTO `communities` (`id`, `name`, `admin_user_id`) VALUES ('89', 'voluptas', '137');
INSERT INTO `communities` (`id`, `name`, `admin_user_id`) VALUES ('90', 'omnis', '138');
INSERT INTO `communities` (`id`, `name`, `admin_user_id`) VALUES ('91', 'aut', '140');
INSERT INTO `communities` (`id`, `name`, `admin_user_id`) VALUES ('92', 'doloribus', '141');
INSERT INTO `communities` (`id`, `name`, `admin_user_id`) VALUES ('93', 'id', '143');
INSERT INTO `communities` (`id`, `name`, `admin_user_id`) VALUES ('94', 'et', '146');
INSERT INTO `communities` (`id`, `name`, `admin_user_id`) VALUES ('95', 'dolores', '147');
INSERT INTO `communities` (`id`, `name`, `admin_user_id`) VALUES ('96', 'inventore', '148');
INSERT INTO `communities` (`id`, `name`, `admin_user_id`) VALUES ('97', 'ut', '152');
INSERT INTO `communities` (`id`, `name`, `admin_user_id`) VALUES ('98', 'ad', '153');
INSERT INTO `communities` (`id`, `name`, `admin_user_id`) VALUES ('99', 'voluptatem', '155');
INSERT INTO `communities` (`id`, `name`, `admin_user_id`) VALUES ('100', 'dolor', '158');


INSERT INTO `users_communities` (`user_id`, `community_id`) VALUES ('101', '1');
INSERT INTO `users_communities` (`user_id`, `community_id`) VALUES ('101', '64');
INSERT INTO `users_communities` (`user_id`, `community_id`) VALUES ('102', '2');
INSERT INTO `users_communities` (`user_id`, `community_id`) VALUES ('102', '65');
INSERT INTO `users_communities` (`user_id`, `community_id`) VALUES ('103', '3');
INSERT INTO `users_communities` (`user_id`, `community_id`) VALUES ('103', '66');
INSERT INTO `users_communities` (`user_id`, `community_id`) VALUES ('104', '4');
INSERT INTO `users_communities` (`user_id`, `community_id`) VALUES ('104', '67');
INSERT INTO `users_communities` (`user_id`, `community_id`) VALUES ('105', '5');
INSERT INTO `users_communities` (`user_id`, `community_id`) VALUES ('105', '68');
INSERT INTO `users_communities` (`user_id`, `community_id`) VALUES ('106', '6');
INSERT INTO `users_communities` (`user_id`, `community_id`) VALUES ('106', '69');
INSERT INTO `users_communities` (`user_id`, `community_id`) VALUES ('107', '7');
INSERT INTO `users_communities` (`user_id`, `community_id`) VALUES ('107', '70');
INSERT INTO `users_communities` (`user_id`, `community_id`) VALUES ('108', '8');
INSERT INTO `users_communities` (`user_id`, `community_id`) VALUES ('108', '71');
INSERT INTO `users_communities` (`user_id`, `community_id`) VALUES ('109', '9');
INSERT INTO `users_communities` (`user_id`, `community_id`) VALUES ('109', '72');
INSERT INTO `users_communities` (`user_id`, `community_id`) VALUES ('110', '10');
INSERT INTO `users_communities` (`user_id`, `community_id`) VALUES ('110', '73');
INSERT INTO `users_communities` (`user_id`, `community_id`) VALUES ('111', '11');
INSERT INTO `users_communities` (`user_id`, `community_id`) VALUES ('111', '74');
INSERT INTO `users_communities` (`user_id`, `community_id`) VALUES ('112', '12');
INSERT INTO `users_communities` (`user_id`, `community_id`) VALUES ('112', '75');
INSERT INTO `users_communities` (`user_id`, `community_id`) VALUES ('113', '13');
INSERT INTO `users_communities` (`user_id`, `community_id`) VALUES ('113', '76');
INSERT INTO `users_communities` (`user_id`, `community_id`) VALUES ('114', '14');
INSERT INTO `users_communities` (`user_id`, `community_id`) VALUES ('114', '77');
INSERT INTO `users_communities` (`user_id`, `community_id`) VALUES ('116', '15');
INSERT INTO `users_communities` (`user_id`, `community_id`) VALUES ('116', '78');
INSERT INTO `users_communities` (`user_id`, `community_id`) VALUES ('117', '16');
INSERT INTO `users_communities` (`user_id`, `community_id`) VALUES ('117', '79');
INSERT INTO `users_communities` (`user_id`, `community_id`) VALUES ('118', '17');
INSERT INTO `users_communities` (`user_id`, `community_id`) VALUES ('118', '80');
INSERT INTO `users_communities` (`user_id`, `community_id`) VALUES ('124', '18');
INSERT INTO `users_communities` (`user_id`, `community_id`) VALUES ('124', '81');
INSERT INTO `users_communities` (`user_id`, `community_id`) VALUES ('126', '19');
INSERT INTO `users_communities` (`user_id`, `community_id`) VALUES ('126', '82');
INSERT INTO `users_communities` (`user_id`, `community_id`) VALUES ('128', '20');
INSERT INTO `users_communities` (`user_id`, `community_id`) VALUES ('128', '83');
INSERT INTO `users_communities` (`user_id`, `community_id`) VALUES ('129', '21');
INSERT INTO `users_communities` (`user_id`, `community_id`) VALUES ('129', '84');
INSERT INTO `users_communities` (`user_id`, `community_id`) VALUES ('130', '22');
INSERT INTO `users_communities` (`user_id`, `community_id`) VALUES ('130', '85');
INSERT INTO `users_communities` (`user_id`, `community_id`) VALUES ('131', '23');
INSERT INTO `users_communities` (`user_id`, `community_id`) VALUES ('131', '86');
INSERT INTO `users_communities` (`user_id`, `community_id`) VALUES ('134', '24');
INSERT INTO `users_communities` (`user_id`, `community_id`) VALUES ('134', '87');
INSERT INTO `users_communities` (`user_id`, `community_id`) VALUES ('136', '25');
INSERT INTO `users_communities` (`user_id`, `community_id`) VALUES ('136', '88');
INSERT INTO `users_communities` (`user_id`, `community_id`) VALUES ('137', '26');
INSERT INTO `users_communities` (`user_id`, `community_id`) VALUES ('137', '89');
INSERT INTO `users_communities` (`user_id`, `community_id`) VALUES ('138', '27');
INSERT INTO `users_communities` (`user_id`, `community_id`) VALUES ('138', '90');
INSERT INTO `users_communities` (`user_id`, `community_id`) VALUES ('140', '28');
INSERT INTO `users_communities` (`user_id`, `community_id`) VALUES ('140', '91');
INSERT INTO `users_communities` (`user_id`, `community_id`) VALUES ('141', '29');
INSERT INTO `users_communities` (`user_id`, `community_id`) VALUES ('141', '92');
INSERT INTO `users_communities` (`user_id`, `community_id`) VALUES ('143', '30');
INSERT INTO `users_communities` (`user_id`, `community_id`) VALUES ('143', '93');
INSERT INTO `users_communities` (`user_id`, `community_id`) VALUES ('146', '31');
INSERT INTO `users_communities` (`user_id`, `community_id`) VALUES ('146', '94');
INSERT INTO `users_communities` (`user_id`, `community_id`) VALUES ('147', '32');
INSERT INTO `users_communities` (`user_id`, `community_id`) VALUES ('147', '95');
INSERT INTO `users_communities` (`user_id`, `community_id`) VALUES ('148', '33');
INSERT INTO `users_communities` (`user_id`, `community_id`) VALUES ('148', '96');
INSERT INTO `users_communities` (`user_id`, `community_id`) VALUES ('152', '34');
INSERT INTO `users_communities` (`user_id`, `community_id`) VALUES ('152', '97');
INSERT INTO `users_communities` (`user_id`, `community_id`) VALUES ('153', '35');
INSERT INTO `users_communities` (`user_id`, `community_id`) VALUES ('153', '98');
INSERT INTO `users_communities` (`user_id`, `community_id`) VALUES ('155', '36');
INSERT INTO `users_communities` (`user_id`, `community_id`) VALUES ('155', '99');
INSERT INTO `users_communities` (`user_id`, `community_id`) VALUES ('158', '37');
INSERT INTO `users_communities` (`user_id`, `community_id`) VALUES ('158', '100');
INSERT INTO `users_communities` (`user_id`, `community_id`) VALUES ('159', '38');
INSERT INTO `users_communities` (`user_id`, `community_id`) VALUES ('160', '39');
INSERT INTO `users_communities` (`user_id`, `community_id`) VALUES ('161', '40');
INSERT INTO `users_communities` (`user_id`, `community_id`) VALUES ('165', '41');
INSERT INTO `users_communities` (`user_id`, `community_id`) VALUES ('167', '42');
INSERT INTO `users_communities` (`user_id`, `community_id`) VALUES ('171', '43');
INSERT INTO `users_communities` (`user_id`, `community_id`) VALUES ('173', '44');
INSERT INTO `users_communities` (`user_id`, `community_id`) VALUES ('174', '45');
INSERT INTO `users_communities` (`user_id`, `community_id`) VALUES ('175', '46');
INSERT INTO `users_communities` (`user_id`, `community_id`) VALUES ('177', '47');
INSERT INTO `users_communities` (`user_id`, `community_id`) VALUES ('180', '48');
INSERT INTO `users_communities` (`user_id`, `community_id`) VALUES ('182', '49');
INSERT INTO `users_communities` (`user_id`, `community_id`) VALUES ('183', '50');
INSERT INTO `users_communities` (`user_id`, `community_id`) VALUES ('184', '51');
INSERT INTO `users_communities` (`user_id`, `community_id`) VALUES ('185', '52');
INSERT INTO `users_communities` (`user_id`, `community_id`) VALUES ('186', '53');
INSERT INTO `users_communities` (`user_id`, `community_id`) VALUES ('187', '54');
INSERT INTO `users_communities` (`user_id`, `community_id`) VALUES ('188', '55');
INSERT INTO `users_communities` (`user_id`, `community_id`) VALUES ('189', '56');
INSERT INTO `users_communities` (`user_id`, `community_id`) VALUES ('190', '57');
INSERT INTO `users_communities` (`user_id`, `community_id`) VALUES ('191', '58');
INSERT INTO `users_communities` (`user_id`, `community_id`) VALUES ('194', '59');
INSERT INTO `users_communities` (`user_id`, `community_id`) VALUES ('195', '60');
INSERT INTO `users_communities` (`user_id`, `community_id`) VALUES ('196', '61');
INSERT INTO `users_communities` (`user_id`, `community_id`) VALUES ('199', '62');
INSERT INTO `users_communities` (`user_id`, `community_id`) VALUES ('200', '63');


INSERT INTO `friend_requests` (`initiator_user_id`, `target_user_id`, `status`, `requested_at`, `updated_at`) VALUES ('101', '105', 'requested', '2011-10-08 01:02:03', '2011-10-08 03:02:01');
INSERT INTO `friend_requests` (`initiator_user_id`, `target_user_id`, `status`, `requested_at`, `updated_at`) VALUES ('102', '105', 'approved', '2011-10-08 01:02:03', '2011-10-08 03:02:01');
INSERT INTO `friend_requests` (`initiator_user_id`, `target_user_id`, `status`, `requested_at`, `updated_at`) VALUES ('103', '105', 'approved', '2011-10-08 01:02:03', '2011-10-08 03:02:01');
INSERT INTO `friend_requests` (`initiator_user_id`, `target_user_id`, `status`, `requested_at`, `updated_at`) VALUES ('104', '105', 'approved', '2011-10-08 01:02:03', '2011-10-08 03:02:01');
INSERT INTO `friend_requests` (`initiator_user_id`, `target_user_id`, `status`, `requested_at`, `updated_at`) VALUES ('108', '105', 'approved', '2011-10-08 01:02:03', '2011-10-08 03:02:01');
INSERT INTO `friend_requests` (`initiator_user_id`, `target_user_id`, `status`, `requested_at`, `updated_at`) VALUES ('111', '105', 'declined', '2011-10-08 01:02:03', '2011-10-08 03:02:01');
INSERT INTO `friend_requests` (`initiator_user_id`, `target_user_id`, `status`, `requested_at`, `updated_at`) VALUES ('112', '105', 'declined', '2011-10-08 01:02:03', '2011-10-08 03:02:01');
INSERT INTO `friend_requests` (`initiator_user_id`, `target_user_id`, `status`, `requested_at`, `updated_at`) VALUES ('113', '105', 'unfriended', '2011-10-08 01:02:03', '2011-10-08 03:02:01');
INSERT INTO `friend_requests` (`initiator_user_id`, `target_user_id`, `status`, `requested_at`, `updated_at`) VALUES ('114', '111', 'unfriended', '2011-10-08 01:02:03', '2011-10-08 03:02:01');
INSERT INTO `friend_requests` (`initiator_user_id`, `target_user_id`, `status`, `requested_at`, `updated_at`) VALUES ('118', '114', 'unfriended', '2011-10-08 01:02:03', '2011-10-08 03:02:01');


INSERT INTO `media_types` (`id`, `name`, `created_at`, `updated_at`) VALUES ('1', 'deleniti', '1976-07-02 23:23:12', '2016-10-29 03:19:06');
INSERT INTO `media_types` (`id`, `name`, `created_at`, `updated_at`) VALUES ('2', 'perspiciatis', '2005-10-25 11:39:01', '2002-03-25 01:35:25');
INSERT INTO `media_types` (`id`, `name`, `created_at`, `updated_at`) VALUES ('3', 'sed', '2014-09-12 21:18:24', '1987-05-13 08:53:54');
INSERT INTO `media_types` (`id`, `name`, `created_at`, `updated_at`) VALUES ('4', 'vitae', '1986-12-31 14:59:43', '1970-02-18 11:54:12');
INSERT INTO `media_types` (`id`, `name`, `created_at`, `updated_at`) VALUES ('5', 'est', '1993-09-01 02:54:41', '1998-05-19 21:11:07');


INSERT INTO `media` (`id`, `media_type_id`, `user_id`, `body`, `filename`, `size`, `metadata`, `created_at`, `updated_at`) VALUES ('1', '1', '101', 'Reprehenderit voluptatibus ullam accusamus aliquam. Molestiae cupiditate voluptatibus sapiente odio eaque magni. Laboriosam aperiam repudiandae placeat dolorem sed iusto sit.', 'vitae', 288505, NULL, '1972-03-14 12:12:54', '2020-03-12 09:37:37');
INSERT INTO `media` (`id`, `media_type_id`, `user_id`, `body`, `filename`, `size`, `metadata`, `created_at`, `updated_at`) VALUES ('2', '2', '102', 'Totam non nostrum totam dignissimos itaque perspiciatis magni qui. Occaecati maiores sit rem rerum rem sit accusantium. Unde ullam nulla autem. Culpa sapiente veritatis eius praesentium placeat enim repudiandae.', 'porro', 7, NULL, '1980-05-30 05:24:33', '2011-10-07 13:26:02');
INSERT INTO `media` (`id`, `media_type_id`, `user_id`, `body`, `filename`, `size`, `metadata`, `created_at`, `updated_at`) VALUES ('3', '3', '103', 'Et temporibus magnam nihil eveniet. Ad ea eaque asperiores adipisci.', 'dignissimos', 1, NULL, '2015-03-02 01:15:32', '1997-04-23 05:27:54');
INSERT INTO `media` (`id`, `media_type_id`, `user_id`, `body`, `filename`, `size`, `metadata`, `created_at`, `updated_at`) VALUES ('4', '4', '104', 'Adipisci mollitia dolorem sit. Autem hic id tempora voluptatem qui sit. Rerum mollitia error facere ipsa rerum quasi sit. Sequi beatae itaque vel modi.', 'dolorum', 61599, NULL, '1973-05-13 15:13:26', '1979-08-22 21:19:50');
INSERT INTO `media` (`id`, `media_type_id`, `user_id`, `body`, `filename`, `size`, `metadata`, `created_at`, `updated_at`) VALUES ('5', '5', '105', 'Soluta excepturi enim magnam est nam. Et quisquam iure eveniet occaecati. Nostrum omnis iusto vitae aut est in molestiae. At est fuga animi.', 'recusandae', 98, NULL, '2018-10-28 04:13:21', '2008-10-30 04:08:08');
INSERT INTO `media` (`id`, `media_type_id`, `user_id`, `body`, `filename`, `size`, `metadata`, `created_at`, `updated_at`) VALUES ('6', '1', '106', 'Delectus error quis amet ad quia. Ipsam eum dicta delectus molestias beatae. Cumque facere ea quaerat laboriosam consequatur consectetur pariatur et. Dicta quia qui soluta optio odio aperiam.', 'inventore', 199615186, NULL, '1997-12-28 18:22:20', '2020-12-08 10:30:04');
INSERT INTO `media` (`id`, `media_type_id`, `user_id`, `body`, `filename`, `size`, `metadata`, `created_at`, `updated_at`) VALUES ('7', '2', '107', 'Illum qui dolores sit libero. Molestiae deserunt porro sed sunt. Cum fugit maxime sunt et distinctio quae autem.', 'animi', 0, NULL, '1997-10-02 01:34:51', '1994-03-21 09:55:56');
INSERT INTO `media` (`id`, `media_type_id`, `user_id`, `body`, `filename`, `size`, `metadata`, `created_at`, `updated_at`) VALUES ('8', '3', '108', 'Dolorem iure eius corrupti natus vel. Corporis sed tenetur aliquam vero est. Illo nesciunt error mollitia et recusandae.', 'rerum', 9, NULL, '1972-10-23 17:27:03', '2017-11-02 08:48:32');
INSERT INTO `media` (`id`, `media_type_id`, `user_id`, `body`, `filename`, `size`, `metadata`, `created_at`, `updated_at`) VALUES ('9', '4', '109', 'Voluptas magnam incidunt quod. Sed aut quo voluptatibus exercitationem. Qui officia dolores magnam illo perspiciatis rerum quisquam.', 'aperiam', 65543106, NULL, '1992-08-19 02:28:20', '2017-08-17 16:58:40');
INSERT INTO `media` (`id`, `media_type_id`, `user_id`, `body`, `filename`, `size`, `metadata`, `created_at`, `updated_at`) VALUES ('10', '5', '110', 'At quia neque consequuntur velit nihil. Repellendus deleniti aut sint quis ea. Amet ratione repudiandae mollitia officia.', 'voluptatem', 3, NULL, '2015-02-23 16:49:50', '2000-03-30 02:31:51');
INSERT INTO `media` (`id`, `media_type_id`, `user_id`, `body`, `filename`, `size`, `metadata`, `created_at`, `updated_at`) VALUES ('11', '1', '111', 'At recusandae beatae voluptas molestiae. Nemo itaque tempore porro qui velit illo aut. Voluptas impedit ut ut accusantium.', 'id', 14, NULL, '2003-02-26 00:01:48', '1971-11-15 01:22:53');
INSERT INTO `media` (`id`, `media_type_id`, `user_id`, `body`, `filename`, `size`, `metadata`, `created_at`, `updated_at`) VALUES ('12', '2', '112', 'Et magni harum quasi porro veniam. Saepe delectus odit ut porro hic asperiores. Quia nihil impedit facilis voluptatibus culpa dolorum. Et possimus quis veniam iste dolore voluptatibus.', 'temporibus', 48637387, NULL, '2002-05-28 19:08:23', '1981-10-23 14:35:25');
INSERT INTO `media` (`id`, `media_type_id`, `user_id`, `body`, `filename`, `size`, `metadata`, `created_at`, `updated_at`) VALUES ('13', '3', '113', 'Mollitia numquam corrupti corrupti qui illum quia. Similique consequatur impedit laudantium ratione asperiores et mollitia. Molestiae iste a qui aut facilis vel consectetur autem. Nemo praesentium atque eius.', 'nulla', 97711, NULL, '1971-06-23 15:12:33', '1989-08-03 07:02:48');
INSERT INTO `media` (`id`, `media_type_id`, `user_id`, `body`, `filename`, `size`, `metadata`, `created_at`, `updated_at`) VALUES ('14', '4', '114', 'Odit exercitationem voluptate est quas. Qui dolor temporibus similique nihil. Sunt corporis rerum deserunt excepturi. Aut facere quisquam dolor vitae.', 'nobis', 67, NULL, '2010-02-16 21:37:21', '2015-01-11 04:20:43');
INSERT INTO `media` (`id`, `media_type_id`, `user_id`, `body`, `filename`, `size`, `metadata`, `created_at`, `updated_at`) VALUES ('15', '5', '116', 'Eos maiores quo consequatur pariatur qui quam aut eveniet. Sit ducimus totam dolorum aut autem aliquam et incidunt. Sunt vero necessitatibus ut libero totam quae.', 'quas', 0, NULL, '1995-10-24 12:11:39', '2018-06-28 06:50:12');
INSERT INTO `media` (`id`, `media_type_id`, `user_id`, `body`, `filename`, `size`, `metadata`, `created_at`, `updated_at`) VALUES ('16', '1', '117', 'A ea asperiores non quis. Consequuntur velit explicabo nisi tenetur aspernatur facilis.', 'et', 0, NULL, '1979-04-10 12:44:03', '2019-11-09 12:04:05');
INSERT INTO `media` (`id`, `media_type_id`, `user_id`, `body`, `filename`, `size`, `metadata`, `created_at`, `updated_at`) VALUES ('17', '2', '118', 'Veritatis corrupti doloremque similique quisquam ut fuga. Pariatur saepe aut ipsam nihil incidunt velit sed. Aut eaque odio nam ea labore.', 'accusamus', 132377, NULL, '1990-09-14 08:38:44', '1995-01-03 11:32:45');
INSERT INTO `media` (`id`, `media_type_id`, `user_id`, `body`, `filename`, `size`, `metadata`, `created_at`, `updated_at`) VALUES ('18', '3', '124', 'Beatae accusantium quia voluptas impedit. Dolorem minus iure velit et eaque voluptas. Vitae et mollitia possimus expedita aut. Corrupti provident rerum qui sed nihil dolor ea.', 'non', 184, NULL, '2018-01-13 04:25:57', '2005-04-25 14:58:40');
INSERT INTO `media` (`id`, `media_type_id`, `user_id`, `body`, `filename`, `size`, `metadata`, `created_at`, `updated_at`) VALUES ('19', '4', '126', 'Beatae facere consectetur voluptas et. Maxime quae ad sapiente nam voluptatem qui. Quis id qui accusamus. Voluptas modi dolorem hic.', 'laborum', 782103, NULL, '1970-05-24 23:12:50', '2020-11-18 13:48:43');
INSERT INTO `media` (`id`, `media_type_id`, `user_id`, `body`, `filename`, `size`, `metadata`, `created_at`, `updated_at`) VALUES ('20', '5', '128', 'Beatae ut sed id quo distinctio ea excepturi. Eos similique laudantium pariatur magni sed animi. Accusantium pariatur ea unde aliquid ut assumenda.', 'corporis', 2, NULL, '1991-12-05 23:35:18', '1997-07-26 08:02:28');
INSERT INTO `media` (`id`, `media_type_id`, `user_id`, `body`, `filename`, `size`, `metadata`, `created_at`, `updated_at`) VALUES ('21', '1', '129', 'Minus dicta labore deserunt saepe laboriosam. Minus quas quia dolor voluptatem officia voluptatum. Ex id sunt laudantium deserunt distinctio. Quisquam est deleniti vel atque est et sed.', 'repellendus', 2, NULL, '2015-06-11 12:32:15', '1993-12-14 05:14:36');
INSERT INTO `media` (`id`, `media_type_id`, `user_id`, `body`, `filename`, `size`, `metadata`, `created_at`, `updated_at`) VALUES ('22', '2', '130', 'Alias ut alias id sunt earum sequi aliquid. Non pariatur consequatur voluptatem suscipit perferendis. Provident distinctio corporis suscipit amet. Esse officia corrupti quia temporibus ex consequatur.', 'repudiandae', 8, NULL, '1993-04-09 22:22:23', '1987-07-04 12:20:13');
INSERT INTO `media` (`id`, `media_type_id`, `user_id`, `body`, `filename`, `size`, `metadata`, `created_at`, `updated_at`) VALUES ('23', '3', '131', 'Corporis facilis itaque fugiat autem accusamus odio. Sed fuga culpa hic consectetur accusamus deleniti omnis.', 'deserunt', 9399559, NULL, '2000-02-06 15:20:11', '2013-07-16 06:23:10');
INSERT INTO `media` (`id`, `media_type_id`, `user_id`, `body`, `filename`, `size`, `metadata`, `created_at`, `updated_at`) VALUES ('24', '4', '134', 'Libero labore totam veniam vel ad enim eos. Enim et dicta possimus repellendus molestiae. Ut qui ex quaerat neque sint. Ratione laborum quo libero sequi earum occaecati earum ipsa.', 'provident', 4, NULL, '2015-10-21 04:46:58', '1998-12-24 03:40:33');
INSERT INTO `media` (`id`, `media_type_id`, `user_id`, `body`, `filename`, `size`, `metadata`, `created_at`, `updated_at`) VALUES ('25', '5', '136', 'Qui eos maxime voluptatem repellendus exercitationem qui. Perspiciatis reprehenderit voluptatum dolor repudiandae quidem alias.', 'est', 3, NULL, '1982-06-09 14:18:40', '1990-01-15 19:10:08');
INSERT INTO `media` (`id`, `media_type_id`, `user_id`, `body`, `filename`, `size`, `metadata`, `created_at`, `updated_at`) VALUES ('26', '1', '137', 'Adipisci numquam dignissimos suscipit numquam dolor odit modi. Aliquid corrupti placeat facilis est magnam vero.', 'quo', 504027, NULL, '1979-10-03 02:04:02', '1989-11-05 17:45:32');
INSERT INTO `media` (`id`, `media_type_id`, `user_id`, `body`, `filename`, `size`, `metadata`, `created_at`, `updated_at`) VALUES ('27', '2', '138', 'Est labore illo odit officiis reprehenderit eius neque. Sit quia provident praesentium et possimus beatae officia debitis. Aut laudantium voluptas laboriosam commodi quidem id. Alias cum voluptatem quia.', 'eum', 5628002, NULL, '2016-03-12 08:48:04', '1984-02-18 18:44:29');
INSERT INTO `media` (`id`, `media_type_id`, `user_id`, `body`, `filename`, `size`, `metadata`, `created_at`, `updated_at`) VALUES ('28', '3', '140', 'Qui eaque quo recusandae. Quisquam est harum consequuntur delectus eos. Neque impedit saepe tenetur.', 'fugit', 5, NULL, '2004-12-16 22:33:36', '1973-02-07 13:57:22');
INSERT INTO `media` (`id`, `media_type_id`, `user_id`, `body`, `filename`, `size`, `metadata`, `created_at`, `updated_at`) VALUES ('29', '4', '141', 'Dolores voluptatem recusandae illo sequi praesentium cum. Quisquam architecto sed eos voluptas. In itaque similique sint impedit suscipit quia. Tempora ut mollitia ut omnis optio.', 'aliquid', 40, NULL, '1970-05-16 14:15:24', '1998-04-17 18:12:15');
INSERT INTO `media` (`id`, `media_type_id`, `user_id`, `body`, `filename`, `size`, `metadata`, `created_at`, `updated_at`) VALUES ('30', '5', '143', 'Blanditiis est molestias id sit vitae facilis. Quia provident voluptatem vel laudantium enim quae aliquam.', 'necessitatibus', 33682130, NULL, '1970-03-01 23:06:33', '2005-01-27 23:34:46');
INSERT INTO `media` (`id`, `media_type_id`, `user_id`, `body`, `filename`, `size`, `metadata`, `created_at`, `updated_at`) VALUES ('31', '1', '146', 'Magnam aut et voluptatem ducimus. Voluptatem placeat praesentium debitis eligendi voluptas. Fugit et nihil voluptate sed qui occaecati aut.', 'et', 7493270, NULL, '1989-03-28 08:05:37', '1982-01-05 06:32:23');
INSERT INTO `media` (`id`, `media_type_id`, `user_id`, `body`, `filename`, `size`, `metadata`, `created_at`, `updated_at`) VALUES ('32', '2', '147', 'Et nihil iure voluptates. Et veritatis rerum omnis neque. Accusamus illo harum ducimus quia. Ullam enim a in consectetur ea repellat.', 'corporis', 9, NULL, '1986-01-17 21:43:20', '2019-04-22 14:42:07');
INSERT INTO `media` (`id`, `media_type_id`, `user_id`, `body`, `filename`, `size`, `metadata`, `created_at`, `updated_at`) VALUES ('33', '3', '148', 'Suscipit dolor ex voluptas ut harum quos. Et voluptates est reiciendis. Et aliquid rerum iure qui vel. Corrupti quisquam aut sit omnis corrupti.', 'alias', 2479074, NULL, '2017-04-26 05:35:17', '2002-04-01 19:31:11');
INSERT INTO `media` (`id`, `media_type_id`, `user_id`, `body`, `filename`, `size`, `metadata`, `created_at`, `updated_at`) VALUES ('34', '4', '152', 'Excepturi rerum temporibus dignissimos. Itaque magni dolore eius. Modi architecto minus commodi aut quisquam qui nemo. Et corrupti praesentium perferendis id asperiores.', 'qui', 0, NULL, '1997-05-03 16:56:37', '2019-08-28 06:34:53');
INSERT INTO `media` (`id`, `media_type_id`, `user_id`, `body`, `filename`, `size`, `metadata`, `created_at`, `updated_at`) VALUES ('35', '5', '153', 'Nostrum qui voluptates at et. Est omnis eos atque reprehenderit minima. Culpa id laboriosam aut.', 'amet', 0, NULL, '1981-08-10 03:14:38', '2012-12-12 07:03:32');
INSERT INTO `media` (`id`, `media_type_id`, `user_id`, `body`, `filename`, `size`, `metadata`, `created_at`, `updated_at`) VALUES ('36', '1', '155', 'Omnis et consectetur nemo totam et excepturi. Autem dolor harum eveniet est et. Qui suscipit facere fuga harum. Sunt et ut recusandae enim impedit.', 'id', 16, NULL, '1992-03-31 01:06:05', '2020-10-04 03:50:58');
INSERT INTO `media` (`id`, `media_type_id`, `user_id`, `body`, `filename`, `size`, `metadata`, `created_at`, `updated_at`) VALUES ('37', '2', '158', 'Qui necessitatibus fugit nostrum aperiam fugiat dolorum a recusandae. Aut quo suscipit quam voluptatem voluptatem molestiae. Pariatur est et incidunt consequatur. Voluptatum impedit beatae autem.', 'molestias', 8, NULL, '2007-03-13 16:22:47', '1978-01-26 10:55:35');
INSERT INTO `media` (`id`, `media_type_id`, `user_id`, `body`, `filename`, `size`, `metadata`, `created_at`, `updated_at`) VALUES ('38', '3', '159', 'Quis adipisci aut sint aut atque et. Asperiores et velit reprehenderit ullam. Tempore quia et hic quo architecto officiis aut. Delectus excepturi voluptatibus saepe aut itaque et dolores. Natus deleniti earum quia in voluptatem.', 'quas', 0, NULL, '1986-10-18 04:09:13', '1989-12-18 01:36:20');
INSERT INTO `media` (`id`, `media_type_id`, `user_id`, `body`, `filename`, `size`, `metadata`, `created_at`, `updated_at`) VALUES ('39', '4', '160', 'Ipsa explicabo adipisci eos reprehenderit dolorem modi. Occaecati dolores voluptates quis aliquam quaerat.', 'aut', 3, NULL, '2011-09-20 05:07:11', '2002-03-11 06:42:25');
INSERT INTO `media` (`id`, `media_type_id`, `user_id`, `body`, `filename`, `size`, `metadata`, `created_at`, `updated_at`) VALUES ('40', '5', '161', 'Alias sunt magni soluta unde assumenda ab. Deleniti aliquid accusantium amet qui.', 'magni', 64917300, NULL, '2008-02-20 09:50:49', '1976-01-22 20:13:11');
INSERT INTO `media` (`id`, `media_type_id`, `user_id`, `body`, `filename`, `size`, `metadata`, `created_at`, `updated_at`) VALUES ('41', '1', '165', 'Voluptas voluptas fuga aperiam ut dolores enim aut. Porro dolores vero consequatur aut amet consequuntur. Reiciendis debitis minima in pariatur autem. Assumenda quos et ullam itaque.', 'inventore', 802628, NULL, '1979-03-15 20:02:45', '1974-08-06 13:01:18');
INSERT INTO `media` (`id`, `media_type_id`, `user_id`, `body`, `filename`, `size`, `metadata`, `created_at`, `updated_at`) VALUES ('42', '2', '167', 'Velit odit hic optio dolorum libero harum eius in. Debitis ratione architecto dolores qui et. Provident quidem laudantium tenetur aut quia veniam est.', 'molestias', 9013, NULL, '2012-05-10 03:22:50', '1971-12-26 22:30:02');
INSERT INTO `media` (`id`, `media_type_id`, `user_id`, `body`, `filename`, `size`, `metadata`, `created_at`, `updated_at`) VALUES ('43', '3', '171', 'Accusamus quod non amet sed tempore voluptatem consequatur. Id dolorem tempore quod fuga qui explicabo. Nobis maiores corporis occaecati rerum reiciendis enim.', 'iusto', 48880, NULL, '2004-06-16 14:07:07', '1982-09-12 00:09:19');
INSERT INTO `media` (`id`, `media_type_id`, `user_id`, `body`, `filename`, `size`, `metadata`, `created_at`, `updated_at`) VALUES ('44', '4', '173', 'In quia porro sapiente voluptate dolor. Non officiis in at id. Aut et mollitia quaerat tempora et.', 'dolorem', 0, NULL, '2018-05-23 06:58:50', '1970-07-05 11:47:08');
INSERT INTO `media` (`id`, `media_type_id`, `user_id`, `body`, `filename`, `size`, `metadata`, `created_at`, `updated_at`) VALUES ('45', '5', '174', 'Quod quos omnis vel animi. Accusantium soluta tenetur dolor vitae eum. Ut ut est pariatur ad voluptatibus.', 'dolorem', 26567, NULL, '2004-02-09 07:28:53', '1988-04-20 04:48:35');
INSERT INTO `media` (`id`, `media_type_id`, `user_id`, `body`, `filename`, `size`, `metadata`, `created_at`, `updated_at`) VALUES ('46', '1', '175', 'Soluta optio quod modi placeat et iusto. Ut molestias odio qui. Autem enim nam dignissimos quibusdam quis porro occaecati.', 'quisquam', 564, NULL, '1994-10-05 15:57:04', '2005-06-13 11:40:40');
INSERT INTO `media` (`id`, `media_type_id`, `user_id`, `body`, `filename`, `size`, `metadata`, `created_at`, `updated_at`) VALUES ('47', '2', '177', 'Dolorum sint iure expedita beatae enim ut. Id neque ut at omnis et ea. Vel quaerat et perferendis qui est velit occaecati.', 'nam', 2429, NULL, '1991-10-23 02:28:52', '1982-10-29 00:16:08');
INSERT INTO `media` (`id`, `media_type_id`, `user_id`, `body`, `filename`, `size`, `metadata`, `created_at`, `updated_at`) VALUES ('48', '3', '180', 'Voluptatem omnis similique maiores ut vel nemo. Voluptatibus nulla facere fugit.', 'praesentium', 45918160, NULL, '1986-05-31 06:49:03', '1994-08-28 04:08:19');
INSERT INTO `media` (`id`, `media_type_id`, `user_id`, `body`, `filename`, `size`, `metadata`, `created_at`, `updated_at`) VALUES ('49', '4', '182', 'Aut distinctio vel asperiores sit et. Sunt et velit omnis molestias expedita aut deleniti. Velit ex ullam provident qui.', 'aperiam', 82, NULL, '2018-12-29 02:04:07', '1978-02-12 01:20:04');
INSERT INTO `media` (`id`, `media_type_id`, `user_id`, `body`, `filename`, `size`, `metadata`, `created_at`, `updated_at`) VALUES ('50', '5', '183', 'Vero pariatur reprehenderit aut accusamus ipsam qui dignissimos. Vel assumenda maxime officiis rerum. Eaque sit omnis dicta ut. Rerum asperiores dolorem aut velit quisquam.', 'repellendus', 2, NULL, '2020-06-08 18:51:59', '1977-05-10 21:30:39');
INSERT INTO `media` (`id`, `media_type_id`, `user_id`, `body`, `filename`, `size`, `metadata`, `created_at`, `updated_at`) VALUES ('51', '1', '184', 'Officia est sint esse magni quasi earum numquam. Enim aut suscipit fugiat dolores velit non et.', 'sed', 8, NULL, '2006-10-14 17:06:32', '1973-07-06 02:00:50');
INSERT INTO `media` (`id`, `media_type_id`, `user_id`, `body`, `filename`, `size`, `metadata`, `created_at`, `updated_at`) VALUES ('52', '2', '185', 'Minima perferendis dolor velit corporis. Hic ratione deleniti aut magnam excepturi aut. Quis qui quidem earum laborum sit doloribus dolore voluptatem.', 'beatae', 0, NULL, '1977-07-23 05:46:55', '1980-08-02 20:14:45');
INSERT INTO `media` (`id`, `media_type_id`, `user_id`, `body`, `filename`, `size`, `metadata`, `created_at`, `updated_at`) VALUES ('53', '3', '186', 'Quia et ut quidem sed. Voluptas commodi fugit dolorem et laborum et. Omnis molestiae quasi quos porro dolore occaecati et. Iure maxime et minus quibusdam.', 'qui', 431603660, NULL, '2017-03-25 23:58:13', '1978-09-06 05:17:36');
INSERT INTO `media` (`id`, `media_type_id`, `user_id`, `body`, `filename`, `size`, `metadata`, `created_at`, `updated_at`) VALUES ('54', '4', '187', 'Occaecati magnam expedita repellendus culpa autem fugiat. Eum est et eos rerum exercitationem. Mollitia ratione dolor et sed quia qui minima voluptatem. Asperiores magnam at reiciendis rerum nostrum. Exercitationem molestias harum voluptatem dolorem harum.', 'maxime', 1, NULL, '1970-04-20 20:21:16', '2020-05-09 04:29:51');
INSERT INTO `media` (`id`, `media_type_id`, `user_id`, `body`, `filename`, `size`, `metadata`, `created_at`, `updated_at`) VALUES ('55', '5', '188', 'Impedit ratione illo labore autem velit vel repellat et. Illum sit eaque et. Repellendus ratione aliquid assumenda provident optio ab unde hic. Velit quae odit placeat harum assumenda.', 'totam', 9594655, NULL, '1995-11-26 08:31:30', '1998-10-20 18:19:35');
INSERT INTO `media` (`id`, `media_type_id`, `user_id`, `body`, `filename`, `size`, `metadata`, `created_at`, `updated_at`) VALUES ('56', '1', '189', 'Dolores incidunt velit tenetur ex et voluptatem. Repudiandae culpa quam quod ad. Molestiae perspiciatis eum quas enim natus. Reprehenderit nisi quia quidem dolores. Consectetur ut unde dolor eum in.', 'voluptatem', 765006665, NULL, '2020-09-14 09:59:48', '1986-09-06 03:18:50');
INSERT INTO `media` (`id`, `media_type_id`, `user_id`, `body`, `filename`, `size`, `metadata`, `created_at`, `updated_at`) VALUES ('57', '2', '190', 'Voluptas dicta suscipit illum deserunt corrupti omnis. Consequatur repellat modi inventore facere voluptatem id dolorem. Veniam magni dignissimos a harum numquam.', 'et', 8, NULL, '1996-11-22 05:03:44', '2008-09-12 09:55:36');
INSERT INTO `media` (`id`, `media_type_id`, `user_id`, `body`, `filename`, `size`, `metadata`, `created_at`, `updated_at`) VALUES ('58', '3', '191', 'Dolorum eveniet eligendi sequi molestiae omnis necessitatibus. Aliquid nam officiis adipisci iure nobis alias quia dolor. Vitae maiores qui vitae quis vel et esse.', 'inventore', 153, NULL, '1995-09-18 07:29:11', '2010-05-09 05:28:10');
INSERT INTO `media` (`id`, `media_type_id`, `user_id`, `body`, `filename`, `size`, `metadata`, `created_at`, `updated_at`) VALUES ('59', '4', '194', 'Placeat natus velit rerum et repellendus repellat omnis. Fuga ea optio autem aut. Sunt modi et voluptas recusandae est. Rerum dicta excepturi amet.', 'et', 15737, NULL, '2013-07-24 04:31:50', '1978-05-05 23:47:30');
INSERT INTO `media` (`id`, `media_type_id`, `user_id`, `body`, `filename`, `size`, `metadata`, `created_at`, `updated_at`) VALUES ('60', '5', '195', 'Non exercitationem qui occaecati et nulla sit et. Est alias reprehenderit dolore quia ut unde et. Consequatur voluptatem blanditiis voluptatum totam tenetur voluptas. Quisquam occaecati tenetur et et quidem.', 'recusandae', 0, NULL, '1993-09-15 20:43:27', '1990-12-01 00:35:29');
INSERT INTO `media` (`id`, `media_type_id`, `user_id`, `body`, `filename`, `size`, `metadata`, `created_at`, `updated_at`) VALUES ('61', '1', '196', 'Fuga aut et cupiditate exercitationem. Porro consequatur provident asperiores excepturi necessitatibus tempore quasi.', 'rerum', 794764, NULL, '2020-01-19 17:56:20', '1991-11-10 17:13:09');
INSERT INTO `media` (`id`, `media_type_id`, `user_id`, `body`, `filename`, `size`, `metadata`, `created_at`, `updated_at`) VALUES ('62', '2', '199', 'Excepturi adipisci consequatur sint beatae a earum et veniam. Nihil eum iste omnis facere ut. Quo non dolorem rerum non iusto.', 'recusandae', 475398181, NULL, '2009-12-27 09:00:39', '1988-11-12 07:30:39');
INSERT INTO `media` (`id`, `media_type_id`, `user_id`, `body`, `filename`, `size`, `metadata`, `created_at`, `updated_at`) VALUES ('63', '3', '200', 'Ut molestias et totam alias minima. Est dolorem saepe quos vel occaecati rerum dignissimos. Qui consequuntur nostrum aliquam et est. Saepe qui sed quidem dolores aut dicta.', 'autem', 0, NULL, '2003-06-26 16:00:12', '1980-10-08 06:34:34');
INSERT INTO `media` (`id`, `media_type_id`, `user_id`, `body`, `filename`, `size`, `metadata`, `created_at`, `updated_at`) VALUES ('64', '4', '101', 'Dicta nam autem deleniti sunt earum pariatur. Id qui quidem voluptatem non eos natus. Dolores et fugiat voluptatem. Quis possimus consequuntur voluptates aut nisi.', 'sapiente', 2376813, NULL, '1996-04-29 02:41:06', '1985-07-12 03:31:06');
INSERT INTO `media` (`id`, `media_type_id`, `user_id`, `body`, `filename`, `size`, `metadata`, `created_at`, `updated_at`) VALUES ('65', '5', '102', 'Quod cumque earum qui dolore sunt. Quaerat velit beatae aut ipsum et nulla esse. Consequatur magnam ab aspernatur voluptate totam. Numquam distinctio id qui.', 'in', 8746280, NULL, '1971-09-28 04:26:51', '2000-06-19 21:58:08');
INSERT INTO `media` (`id`, `media_type_id`, `user_id`, `body`, `filename`, `size`, `metadata`, `created_at`, `updated_at`) VALUES ('66', '1', '103', 'Dolor et labore nisi deleniti. Quasi molestias provident ut ad blanditiis delectus rerum sit. Nulla quod officia ipsum illum ab possimus.', 'ut', 4733182, NULL, '1988-11-07 06:15:13', '1996-05-26 12:36:50');
INSERT INTO `media` (`id`, `media_type_id`, `user_id`, `body`, `filename`, `size`, `metadata`, `created_at`, `updated_at`) VALUES ('67', '2', '104', 'Saepe nisi hic quo ut sunt adipisci. Dolorum deserunt dignissimos optio eius. Dolorem consectetur laborum voluptatibus explicabo nemo commodi possimus praesentium. Natus cupiditate nam voluptatem qui repudiandae.', 'omnis', 5, NULL, '2020-04-02 14:32:41', '2018-07-01 00:23:46');
INSERT INTO `media` (`id`, `media_type_id`, `user_id`, `body`, `filename`, `size`, `metadata`, `created_at`, `updated_at`) VALUES ('68', '3', '105', 'Quae laboriosam ut ullam voluptatem velit accusantium. Explicabo est dolores dolor illum. Libero voluptatem ut quis veritatis alias inventore. Perspiciatis veritatis illum molestiae et quo laboriosam.', 'deserunt', 2285583, NULL, '1979-11-21 16:26:36', '2020-04-13 01:24:35');
INSERT INTO `media` (`id`, `media_type_id`, `user_id`, `body`, `filename`, `size`, `metadata`, `created_at`, `updated_at`) VALUES ('69', '4', '106', 'Harum iste deserunt quos ea dicta ratione earum. Culpa necessitatibus minus debitis modi et. Eum earum distinctio possimus est architecto. Et eveniet vel velit omnis modi. Rem molestias itaque repellendus repellendus modi.', 'voluptatibus', 2, NULL, '2014-07-15 00:33:15', '1978-06-16 23:37:02');
INSERT INTO `media` (`id`, `media_type_id`, `user_id`, `body`, `filename`, `size`, `metadata`, `created_at`, `updated_at`) VALUES ('70', '5', '107', 'Aliquam sint aut iste. Sequi ratione a eligendi est et. Consectetur earum fugit quibusdam enim quidem debitis. Consectetur iste aliquam vero itaque.', 'asperiores', 0, NULL, '1980-10-27 17:53:44', '2008-11-03 06:44:27');
INSERT INTO `media` (`id`, `media_type_id`, `user_id`, `body`, `filename`, `size`, `metadata`, `created_at`, `updated_at`) VALUES ('71', '1', '108', 'Est nihil quo laudantium incidunt. Consequatur sit magni blanditiis sint cumque mollitia sit sed. Autem consequatur atque excepturi quos aspernatur. Fuga nemo mollitia voluptas ut.', 'rerum', 55485412, NULL, '1974-09-19 22:08:28', '2001-01-19 03:06:09');
INSERT INTO `media` (`id`, `media_type_id`, `user_id`, `body`, `filename`, `size`, `metadata`, `created_at`, `updated_at`) VALUES ('72', '2', '109', 'Vero aspernatur commodi fuga voluptas iure. Fuga incidunt minus modi fuga voluptatum numquam id. Cupiditate minus ipsa rerum odio deserunt culpa accusantium.', 'et', 5, NULL, '2020-09-02 13:21:53', '1982-11-02 20:21:18');
INSERT INTO `media` (`id`, `media_type_id`, `user_id`, `body`, `filename`, `size`, `metadata`, `created_at`, `updated_at`) VALUES ('73', '3', '110', 'Enim quo mollitia quis cum similique. Accusamus quos rerum quasi veniam vero. Dolore totam quisquam vel nihil quaerat. Illum aut eveniet vero nulla dolorem veniam quia expedita.', 'praesentium', 3457, NULL, '1998-04-25 00:46:36', '1993-01-12 14:05:07');
INSERT INTO `media` (`id`, `media_type_id`, `user_id`, `body`, `filename`, `size`, `metadata`, `created_at`, `updated_at`) VALUES ('74', '4', '111', 'Quisquam esse vero tempora sed distinctio nesciunt assumenda maxime. Hic ut placeat consequatur ab inventore amet optio. Reiciendis voluptatibus possimus voluptas libero quas possimus similique. Quaerat iusto eum aspernatur natus est.', 'et', 999286729, NULL, '1976-05-12 07:23:20', '1996-02-16 04:18:55');
INSERT INTO `media` (`id`, `media_type_id`, `user_id`, `body`, `filename`, `size`, `metadata`, `created_at`, `updated_at`) VALUES ('75', '5', '112', 'Quibusdam consectetur fugit culpa facere voluptatem impedit. Qui accusantium non dolorum non fugit accusamus et. Vitae praesentium accusamus sequi rem.', 'sit', 6, NULL, '1979-08-20 18:53:31', '1991-10-30 11:03:40');
INSERT INTO `media` (`id`, `media_type_id`, `user_id`, `body`, `filename`, `size`, `metadata`, `created_at`, `updated_at`) VALUES ('76', '1', '113', 'Rem tenetur non voluptatem perferendis ullam accusantium consectetur. Qui quia ducimus suscipit optio qui aliquam ut qui. Iste odio assumenda possimus quia reprehenderit illum iusto.', 'est', 1482, NULL, '1991-10-08 16:29:24', '2008-06-14 17:32:03');
INSERT INTO `media` (`id`, `media_type_id`, `user_id`, `body`, `filename`, `size`, `metadata`, `created_at`, `updated_at`) VALUES ('77', '2', '114', 'Quam sint voluptas voluptas quia occaecati suscipit quo esse. Doloremque libero porro et in perspiciatis dolor sint. Maiores sint rerum at rem.', 'dicta', 10, NULL, '1986-10-14 14:40:55', '1971-01-27 16:52:06');
INSERT INTO `media` (`id`, `media_type_id`, `user_id`, `body`, `filename`, `size`, `metadata`, `created_at`, `updated_at`) VALUES ('78', '3', '116', 'Quisquam id consectetur nesciunt dolore. Mollitia possimus animi dolore sunt qui consequatur dolores magni.', 'veritatis', 2362, NULL, '1995-04-17 08:54:27', '2009-11-28 20:25:20');
INSERT INTO `media` (`id`, `media_type_id`, `user_id`, `body`, `filename`, `size`, `metadata`, `created_at`, `updated_at`) VALUES ('79', '4', '117', 'Eaque officia suscipit suscipit officiis sed et ea error. Est inventore ut voluptate rerum. Ut nesciunt consequatur et ex.', 'adipisci', 79958, NULL, '2018-06-05 15:49:06', '2001-04-15 16:40:36');
INSERT INTO `media` (`id`, `media_type_id`, `user_id`, `body`, `filename`, `size`, `metadata`, `created_at`, `updated_at`) VALUES ('80', '5', '118', 'Qui quisquam magnam corrupti est nemo illo. Ex ut quod eius voluptatum odit odio. Consequatur assumenda eum ipsum at. Quibusdam voluptatum vitae occaecati et illo temporibus veritatis ea.', 'facilis', 7, NULL, '1999-04-20 15:26:49', '1996-07-21 00:13:32');
INSERT INTO `media` (`id`, `media_type_id`, `user_id`, `body`, `filename`, `size`, `metadata`, `created_at`, `updated_at`) VALUES ('81', '1', '124', 'Adipisci id voluptatem in reprehenderit aperiam voluptatem dolorem. Nam ut fugiat accusamus et perspiciatis et labore. Eos maiores quibusdam excepturi delectus.', 'sint', 371426, NULL, '1978-03-07 07:46:24', '2014-10-21 20:17:00');
INSERT INTO `media` (`id`, `media_type_id`, `user_id`, `body`, `filename`, `size`, `metadata`, `created_at`, `updated_at`) VALUES ('82', '2', '126', 'Sint animi minima enim qui reiciendis officia. Optio dolorem dolores ea aperiam enim fugit. Excepturi eaque dignissimos ea maiores error. Saepe ex est aut aliquid odit ea.', 'quibusdam', 0, NULL, '1993-04-20 06:10:18', '2005-03-06 03:08:58');
INSERT INTO `media` (`id`, `media_type_id`, `user_id`, `body`, `filename`, `size`, `metadata`, `created_at`, `updated_at`) VALUES ('83', '3', '128', 'Accusamus voluptate suscipit sed ipsum. Sed eum nobis accusamus non dolorem quis quae. Est quasi velit pariatur voluptatem est. Autem dolores amet sint id.', 'optio', 6, NULL, '1971-03-22 11:39:17', '1970-10-17 06:06:02');
INSERT INTO `media` (`id`, `media_type_id`, `user_id`, `body`, `filename`, `size`, `metadata`, `created_at`, `updated_at`) VALUES ('84', '4', '129', 'Qui occaecati a nulla fugiat doloremque. Repudiandae doloribus iste eius quia. Mollitia sapiente deleniti quam aut. Dolorem voluptate consectetur ea. Eveniet dolorum corporis omnis assumenda non eum.', 'aspernatur', 3957, NULL, '1982-11-17 10:47:44', '2018-11-07 09:50:35');
INSERT INTO `media` (`id`, `media_type_id`, `user_id`, `body`, `filename`, `size`, `metadata`, `created_at`, `updated_at`) VALUES ('85', '5', '130', 'Ipsam quis et quia laborum distinctio. Voluptatum velit impedit libero ut est. Consequatur eum consequuntur nam quam quo. Distinctio beatae eum aspernatur.', 'sed', 3, NULL, '1973-11-30 09:27:15', '2020-11-11 00:00:27');
INSERT INTO `media` (`id`, `media_type_id`, `user_id`, `body`, `filename`, `size`, `metadata`, `created_at`, `updated_at`) VALUES ('86', '1', '131', 'Totam dolores eius ad quia iure. Aspernatur earum tempora aut possimus dolore. Dolores harum officia eum et. Suscipit accusantium non maiores incidunt recusandae quae. Hic est at veritatis iusto maxime.', 'et', 0, NULL, '2020-09-09 19:35:29', '1994-09-17 21:12:40');
INSERT INTO `media` (`id`, `media_type_id`, `user_id`, `body`, `filename`, `size`, `metadata`, `created_at`, `updated_at`) VALUES ('87', '2', '134', 'Veniam amet excepturi ut et est blanditiis consequatur. Rerum ut veritatis natus et placeat sit. Porro ut porro cupiditate omnis ut. Ad porro nihil adipisci harum et dignissimos.', 'nisi', 990, NULL, '2018-06-22 12:02:09', '2007-06-22 00:43:56');
INSERT INTO `media` (`id`, `media_type_id`, `user_id`, `body`, `filename`, `size`, `metadata`, `created_at`, `updated_at`) VALUES ('88', '3', '136', 'Consectetur aut velit laborum incidunt est eum dolor. Et fugit ipsam placeat necessitatibus et illo. Et omnis quibusdam suscipit temporibus. Voluptate rerum pariatur beatae necessitatibus itaque ut.', 'est', 219, NULL, '2012-10-04 09:39:32', '1984-03-25 21:58:55');
INSERT INTO `media` (`id`, `media_type_id`, `user_id`, `body`, `filename`, `size`, `metadata`, `created_at`, `updated_at`) VALUES ('89', '4', '137', 'Dolores saepe ducimus magni placeat. Est nam sunt dolor consequatur aspernatur et rerum. Eum aliquid optio qui necessitatibus laboriosam. In impedit pariatur dolore repellat commodi repellendus quo ipsa.', 'perspiciatis', 30423938, NULL, '2014-04-22 10:00:36', '1990-11-19 10:20:58');
INSERT INTO `media` (`id`, `media_type_id`, `user_id`, `body`, `filename`, `size`, `metadata`, `created_at`, `updated_at`) VALUES ('90', '5', '138', 'Consequuntur accusamus ad labore reprehenderit voluptatem repellat nobis. Aut similique totam eaque nemo et odio. Et vero sit odio. Sit officiis voluptatibus amet odio repellat aut.', 'dolor', 1, NULL, '2015-07-10 17:11:40', '2012-05-13 03:16:26');
INSERT INTO `media` (`id`, `media_type_id`, `user_id`, `body`, `filename`, `size`, `metadata`, `created_at`, `updated_at`) VALUES ('91', '1', '140', 'Cumque nihil esse corrupti aut sed laudantium neque. Nobis voluptatem quaerat cum labore. Delectus id omnis sint et.', 'veniam', 391229867, NULL, '1981-04-03 05:53:18', '2020-07-14 13:56:24');
INSERT INTO `media` (`id`, `media_type_id`, `user_id`, `body`, `filename`, `size`, `metadata`, `created_at`, `updated_at`) VALUES ('92', '2', '141', 'Nostrum sed provident inventore ipsa illo qui sed. Velit ex voluptate asperiores veritatis. Sunt et alias quia aut. Voluptates corporis quod dolore nostrum a. Sunt dolore expedita esse est voluptatem.', 'accusantium', 21881, NULL, '1984-11-28 10:19:24', '1987-06-19 07:59:34');
INSERT INTO `media` (`id`, `media_type_id`, `user_id`, `body`, `filename`, `size`, `metadata`, `created_at`, `updated_at`) VALUES ('93', '3', '143', 'Temporibus voluptate architecto occaecati molestiae quis laudantium. Cumque corporis natus rerum qui tempora cupiditate. Corrupti repellat aut dolor sint.', 'rerum', 681, NULL, '2012-08-18 09:18:13', '1974-07-20 07:40:11');
INSERT INTO `media` (`id`, `media_type_id`, `user_id`, `body`, `filename`, `size`, `metadata`, `created_at`, `updated_at`) VALUES ('94', '4', '146', 'Corrupti quia est corporis sit aut sit qui. Necessitatibus natus eos ea veniam eius. Aspernatur rerum voluptas in sunt nostrum dolores. Cumque est fugiat est earum dolorem. Eius eum dolore commodi est velit.', 'rerum', 911, NULL, '2000-04-24 06:11:32', '1982-09-29 10:43:38');
INSERT INTO `media` (`id`, `media_type_id`, `user_id`, `body`, `filename`, `size`, `metadata`, `created_at`, `updated_at`) VALUES ('95', '5', '147', 'Modi quisquam incidunt delectus voluptatibus doloribus. Non atque voluptate autem quia nostrum id occaecati. Veniam dolores in autem nobis voluptatem.', 'quis', 535139112, NULL, '2015-04-09 00:30:35', '2013-11-24 05:58:25');
INSERT INTO `media` (`id`, `media_type_id`, `user_id`, `body`, `filename`, `size`, `metadata`, `created_at`, `updated_at`) VALUES ('96', '1', '148', 'Magnam maxime sed qui fugiat. Aliquid possimus vitae ratione voluptas. Molestiae dolorem necessitatibus beatae enim incidunt. Delectus maiores voluptate consequatur magnam.', 'est', 24, NULL, '1988-03-09 22:07:20', '2015-05-31 16:02:51');
INSERT INTO `media` (`id`, `media_type_id`, `user_id`, `body`, `filename`, `size`, `metadata`, `created_at`, `updated_at`) VALUES ('97', '2', '152', 'Beatae eaque aut quaerat sequi inventore est. Numquam non aliquid deleniti incidunt sequi aut qui doloribus. Qui enim autem vero quia et.', 'odio', 46, NULL, '1992-12-11 02:02:42', '1981-07-08 21:10:57');
INSERT INTO `media` (`id`, `media_type_id`, `user_id`, `body`, `filename`, `size`, `metadata`, `created_at`, `updated_at`) VALUES ('98', '3', '153', 'Dolores voluptas dolorum minus dolores. Molestiae voluptatem quia voluptas non. At et aperiam voluptas officia. Nemo atque quos sit eligendi.', 'quia', 76557, NULL, '2007-11-28 08:56:45', '1986-01-25 03:21:38');
INSERT INTO `media` (`id`, `media_type_id`, `user_id`, `body`, `filename`, `size`, `metadata`, `created_at`, `updated_at`) VALUES ('99', '4', '155', 'Qui necessitatibus impedit quo consequatur modi dolorem. Accusantium occaecati ut sequi voluptatibus temporibus. Nisi cupiditate asperiores quod cum.', 'sed', 8797, NULL, '2013-01-25 18:48:11', '1992-08-16 13:32:06');
INSERT INTO `media` (`id`, `media_type_id`, `user_id`, `body`, `filename`, `size`, `metadata`, `created_at`, `updated_at`) VALUES ('100', '5', '158', 'Voluptatum culpa aut vel ut. Dolores maiores architecto architecto est fuga voluptatem qui. Deserunt architecto harum delectus quisquam enim quaerat non. Sit id aspernatur sint id sunt et.', 'tempora', 512, NULL, '1979-04-28 17:31:14', '1993-04-15 05:23:52');


INSERT INTO `likes_media` (`id`, `user_id`, `media_id`, `created_at`) VALUES ('1', '101', '1', '1997-10-24 13:43:06');
INSERT INTO `likes_media` (`id`, `user_id`, `media_id`, `created_at`) VALUES ('2', '102', '2', '2018-06-14 22:52:13');
INSERT INTO `likes_media` (`id`, `user_id`, `media_id`, `created_at`) VALUES ('3', '103', '3', '1977-06-12 19:50:22');
INSERT INTO `likes_media` (`id`, `user_id`, `media_id`, `created_at`) VALUES ('4', '104', '4', '1978-10-06 10:28:52');
INSERT INTO `likes_media` (`id`, `user_id`, `media_id`, `created_at`) VALUES ('5', '105', '5', '2007-11-04 03:39:26');
INSERT INTO `likes_media` (`id`, `user_id`, `media_id`, `created_at`) VALUES ('6', '106', '6', '2002-09-15 17:10:57');
INSERT INTO `likes_media` (`id`, `user_id`, `media_id`, `created_at`) VALUES ('7', '107', '7', '1979-05-14 19:49:18');
INSERT INTO `likes_media` (`id`, `user_id`, `media_id`, `created_at`) VALUES ('8', '108', '8', '1983-12-06 13:47:35');
INSERT INTO `likes_media` (`id`, `user_id`, `media_id`, `created_at`) VALUES ('9', '109', '9', '1988-04-02 08:07:30');
INSERT INTO `likes_media` (`id`, `user_id`, `media_id`, `created_at`) VALUES ('10', '110', '10', '1978-09-10 06:13:18');
INSERT INTO `likes_media` (`id`, `user_id`, `media_id`, `created_at`) VALUES ('11', '111', '11', '1998-06-09 08:18:47');
INSERT INTO `likes_media` (`id`, `user_id`, `media_id`, `created_at`) VALUES ('12', '112', '12', '1982-10-24 08:54:29');
INSERT INTO `likes_media` (`id`, `user_id`, `media_id`, `created_at`) VALUES ('13', '113', '13', '1982-05-05 09:44:53');
INSERT INTO `likes_media` (`id`, `user_id`, `media_id`, `created_at`) VALUES ('14', '114', '14', '1980-10-22 06:29:55');
INSERT INTO `likes_media` (`id`, `user_id`, `media_id`, `created_at`) VALUES ('15', '116', '15', '2020-01-31 08:13:23');
INSERT INTO `likes_media` (`id`, `user_id`, `media_id`, `created_at`) VALUES ('16', '117', '16', '1984-04-04 09:25:23');
INSERT INTO `likes_media` (`id`, `user_id`, `media_id`, `created_at`) VALUES ('17', '118', '17', '1990-01-05 04:57:27');
INSERT INTO `likes_media` (`id`, `user_id`, `media_id`, `created_at`) VALUES ('18', '124', '18', '1984-08-22 18:05:34');
INSERT INTO `likes_media` (`id`, `user_id`, `media_id`, `created_at`) VALUES ('19', '126', '19', '2002-12-20 19:08:57');
INSERT INTO `likes_media` (`id`, `user_id`, `media_id`, `created_at`) VALUES ('20', '128', '20', '1982-02-15 06:02:49');
INSERT INTO `likes_media` (`id`, `user_id`, `media_id`, `created_at`) VALUES ('21', '129', '21', '1976-11-15 17:48:27');
INSERT INTO `likes_media` (`id`, `user_id`, `media_id`, `created_at`) VALUES ('22', '130', '22', '2015-07-11 20:01:00');
INSERT INTO `likes_media` (`id`, `user_id`, `media_id`, `created_at`) VALUES ('23', '131', '23', '1981-07-30 09:20:45');
INSERT INTO `likes_media` (`id`, `user_id`, `media_id`, `created_at`) VALUES ('24', '134', '24', '2002-11-10 07:43:21');
INSERT INTO `likes_media` (`id`, `user_id`, `media_id`, `created_at`) VALUES ('25', '136', '25', '1981-02-06 23:22:24');
INSERT INTO `likes_media` (`id`, `user_id`, `media_id`, `created_at`) VALUES ('26', '137', '26', '2002-04-21 10:49:30');
INSERT INTO `likes_media` (`id`, `user_id`, `media_id`, `created_at`) VALUES ('27', '138', '27', '1993-07-25 17:52:11');
INSERT INTO `likes_media` (`id`, `user_id`, `media_id`, `created_at`) VALUES ('28', '140', '28', '1971-05-05 21:11:29');
INSERT INTO `likes_media` (`id`, `user_id`, `media_id`, `created_at`) VALUES ('29', '141', '29', '1991-11-16 12:55:29');
INSERT INTO `likes_media` (`id`, `user_id`, `media_id`, `created_at`) VALUES ('30', '143', '30', '2008-05-31 12:01:01');
INSERT INTO `likes_media` (`id`, `user_id`, `media_id`, `created_at`) VALUES ('31', '146', '31', '1993-08-23 15:52:02');
INSERT INTO `likes_media` (`id`, `user_id`, `media_id`, `created_at`) VALUES ('32', '147', '32', '1974-07-21 07:13:46');
INSERT INTO `likes_media` (`id`, `user_id`, `media_id`, `created_at`) VALUES ('33', '148', '33', '2020-04-15 21:45:37');
INSERT INTO `likes_media` (`id`, `user_id`, `media_id`, `created_at`) VALUES ('34', '152', '34', '2010-01-20 07:52:50');
INSERT INTO `likes_media` (`id`, `user_id`, `media_id`, `created_at`) VALUES ('35', '153', '35', '2004-10-12 06:50:49');
INSERT INTO `likes_media` (`id`, `user_id`, `media_id`, `created_at`) VALUES ('36', '155', '36', '2005-05-07 19:48:22');
INSERT INTO `likes_media` (`id`, `user_id`, `media_id`, `created_at`) VALUES ('37', '158', '37', '1997-02-05 02:33:15');
INSERT INTO `likes_media` (`id`, `user_id`, `media_id`, `created_at`) VALUES ('38', '159', '38', '2005-05-17 03:30:22');
INSERT INTO `likes_media` (`id`, `user_id`, `media_id`, `created_at`) VALUES ('39', '160', '39', '1971-08-01 16:22:02');
INSERT INTO `likes_media` (`id`, `user_id`, `media_id`, `created_at`) VALUES ('40', '161', '40', '1979-01-24 23:01:08');
INSERT INTO `likes_media` (`id`, `user_id`, `media_id`, `created_at`) VALUES ('41', '165', '41', '1995-08-11 02:34:04');
INSERT INTO `likes_media` (`id`, `user_id`, `media_id`, `created_at`) VALUES ('42', '167', '42', '2012-12-30 02:09:33');
INSERT INTO `likes_media` (`id`, `user_id`, `media_id`, `created_at`) VALUES ('43', '171', '43', '1989-03-27 23:13:25');
INSERT INTO `likes_media` (`id`, `user_id`, `media_id`, `created_at`) VALUES ('44', '173', '44', '1992-05-18 16:04:43');
INSERT INTO `likes_media` (`id`, `user_id`, `media_id`, `created_at`) VALUES ('45', '174', '45', '2012-01-10 09:11:31');
INSERT INTO `likes_media` (`id`, `user_id`, `media_id`, `created_at`) VALUES ('46', '175', '46', '2019-05-06 07:26:55');
INSERT INTO `likes_media` (`id`, `user_id`, `media_id`, `created_at`) VALUES ('47', '177', '47', '1981-07-30 11:48:31');
INSERT INTO `likes_media` (`id`, `user_id`, `media_id`, `created_at`) VALUES ('48', '180', '48', '2003-07-11 04:22:32');
INSERT INTO `likes_media` (`id`, `user_id`, `media_id`, `created_at`) VALUES ('49', '182', '49', '1973-08-13 22:07:14');
INSERT INTO `likes_media` (`id`, `user_id`, `media_id`, `created_at`) VALUES ('50', '183', '50', '1985-04-27 04:55:45');
INSERT INTO `likes_media` (`id`, `user_id`, `media_id`, `created_at`) VALUES ('51', '184', '51', '2020-09-10 16:13:26');
INSERT INTO `likes_media` (`id`, `user_id`, `media_id`, `created_at`) VALUES ('52', '185', '52', '1998-04-15 01:12:26');
INSERT INTO `likes_media` (`id`, `user_id`, `media_id`, `created_at`) VALUES ('53', '186', '53', '1979-10-09 00:02:05');
INSERT INTO `likes_media` (`id`, `user_id`, `media_id`, `created_at`) VALUES ('54', '187', '54', '1996-06-18 14:10:34');
INSERT INTO `likes_media` (`id`, `user_id`, `media_id`, `created_at`) VALUES ('55', '188', '55', '1976-01-30 09:27:09');
INSERT INTO `likes_media` (`id`, `user_id`, `media_id`, `created_at`) VALUES ('56', '189', '56', '1987-06-15 08:55:12');
INSERT INTO `likes_media` (`id`, `user_id`, `media_id`, `created_at`) VALUES ('57', '190', '57', '2004-05-04 01:16:28');
INSERT INTO `likes_media` (`id`, `user_id`, `media_id`, `created_at`) VALUES ('58', '191', '58', '1980-05-01 21:49:58');
INSERT INTO `likes_media` (`id`, `user_id`, `media_id`, `created_at`) VALUES ('59', '194', '59', '2006-03-03 14:04:09');
INSERT INTO `likes_media` (`id`, `user_id`, `media_id`, `created_at`) VALUES ('60', '195', '60', '1971-09-20 20:39:32');
INSERT INTO `likes_media` (`id`, `user_id`, `media_id`, `created_at`) VALUES ('61', '196', '61', '1992-06-16 15:45:20');
INSERT INTO `likes_media` (`id`, `user_id`, `media_id`, `created_at`) VALUES ('62', '199', '62', '2007-11-04 08:03:45');
INSERT INTO `likes_media` (`id`, `user_id`, `media_id`, `created_at`) VALUES ('63', '200', '63', '1996-09-16 00:02:33');
INSERT INTO `likes_media` (`id`, `user_id`, `media_id`, `created_at`) VALUES ('64', '101', '64', '1996-04-30 08:03:47');
INSERT INTO `likes_media` (`id`, `user_id`, `media_id`, `created_at`) VALUES ('65', '102', '65', '1979-02-02 08:52:41');
INSERT INTO `likes_media` (`id`, `user_id`, `media_id`, `created_at`) VALUES ('66', '103', '66', '2021-04-27 03:14:01');
INSERT INTO `likes_media` (`id`, `user_id`, `media_id`, `created_at`) VALUES ('67', '104', '67', '1976-01-09 11:34:26');
INSERT INTO `likes_media` (`id`, `user_id`, `media_id`, `created_at`) VALUES ('68', '105', '68', '1999-03-17 22:43:33');
INSERT INTO `likes_media` (`id`, `user_id`, `media_id`, `created_at`) VALUES ('69', '106', '69', '1978-10-18 18:15:07');
INSERT INTO `likes_media` (`id`, `user_id`, `media_id`, `created_at`) VALUES ('70', '107', '70', '2001-11-16 02:37:55');
INSERT INTO `likes_media` (`id`, `user_id`, `media_id`, `created_at`) VALUES ('71', '108', '71', '1981-08-21 07:29:00');
INSERT INTO `likes_media` (`id`, `user_id`, `media_id`, `created_at`) VALUES ('72', '109', '72', '1984-08-23 17:06:52');
INSERT INTO `likes_media` (`id`, `user_id`, `media_id`, `created_at`) VALUES ('73', '110', '73', '1997-12-01 06:43:15');
INSERT INTO `likes_media` (`id`, `user_id`, `media_id`, `created_at`) VALUES ('74', '111', '74', '2021-04-26 06:47:38');
INSERT INTO `likes_media` (`id`, `user_id`, `media_id`, `created_at`) VALUES ('75', '112', '75', '1990-03-24 18:14:04');
INSERT INTO `likes_media` (`id`, `user_id`, `media_id`, `created_at`) VALUES ('76', '113', '76', '1983-01-30 02:04:25');
INSERT INTO `likes_media` (`id`, `user_id`, `media_id`, `created_at`) VALUES ('77', '114', '77', '2010-02-25 14:11:32');
INSERT INTO `likes_media` (`id`, `user_id`, `media_id`, `created_at`) VALUES ('78', '116', '78', '2008-06-23 22:00:08');
INSERT INTO `likes_media` (`id`, `user_id`, `media_id`, `created_at`) VALUES ('79', '117', '79', '2017-04-16 19:33:37');
INSERT INTO `likes_media` (`id`, `user_id`, `media_id`, `created_at`) VALUES ('80', '118', '80', '1990-09-15 10:58:21');
INSERT INTO `likes_media` (`id`, `user_id`, `media_id`, `created_at`) VALUES ('81', '124', '81', '1983-06-06 12:16:36');
INSERT INTO `likes_media` (`id`, `user_id`, `media_id`, `created_at`) VALUES ('82', '126', '82', '2018-04-23 12:25:42');
INSERT INTO `likes_media` (`id`, `user_id`, `media_id`, `created_at`) VALUES ('83', '128', '83', '1975-09-02 04:08:04');
INSERT INTO `likes_media` (`id`, `user_id`, `media_id`, `created_at`) VALUES ('84', '129', '84', '2000-06-13 13:10:52');
INSERT INTO `likes_media` (`id`, `user_id`, `media_id`, `created_at`) VALUES ('85', '130', '85', '1975-06-09 02:45:50');
INSERT INTO `likes_media` (`id`, `user_id`, `media_id`, `created_at`) VALUES ('86', '131', '86', '1999-05-17 20:38:37');
INSERT INTO `likes_media` (`id`, `user_id`, `media_id`, `created_at`) VALUES ('87', '134', '87', '2007-08-20 03:32:50');
INSERT INTO `likes_media` (`id`, `user_id`, `media_id`, `created_at`) VALUES ('88', '136', '88', '2013-11-24 12:18:02');
INSERT INTO `likes_media` (`id`, `user_id`, `media_id`, `created_at`) VALUES ('89', '137', '89', '2011-03-01 11:22:50');
INSERT INTO `likes_media` (`id`, `user_id`, `media_id`, `created_at`) VALUES ('90', '138', '90', '2020-08-26 19:39:08');
INSERT INTO `likes_media` (`id`, `user_id`, `media_id`, `created_at`) VALUES ('91', '140', '91', '1976-02-25 23:00:57');
INSERT INTO `likes_media` (`id`, `user_id`, `media_id`, `created_at`) VALUES ('92', '141', '92', '1982-05-09 05:45:47');
INSERT INTO `likes_media` (`id`, `user_id`, `media_id`, `created_at`) VALUES ('93', '143', '93', '2005-05-28 20:17:58');
INSERT INTO `likes_media` (`id`, `user_id`, `media_id`, `created_at`) VALUES ('94', '146', '94', '1991-09-01 07:22:31');
INSERT INTO `likes_media` (`id`, `user_id`, `media_id`, `created_at`) VALUES ('95', '147', '95', '1981-04-24 22:36:27');
INSERT INTO `likes_media` (`id`, `user_id`, `media_id`, `created_at`) VALUES ('96', '148', '96', '2006-11-12 05:23:20');
INSERT INTO `likes_media` (`id`, `user_id`, `media_id`, `created_at`) VALUES ('97', '152', '97', '1999-12-19 16:21:18');
INSERT INTO `likes_media` (`id`, `user_id`, `media_id`, `created_at`) VALUES ('98', '153', '98', '2006-01-06 11:46:32');
INSERT INTO `likes_media` (`id`, `user_id`, `media_id`, `created_at`) VALUES ('99', '155', '99', '1979-01-05 19:03:56');
INSERT INTO `likes_media` (`id`, `user_id`, `media_id`, `created_at`) VALUES ('100', '158', '100', '2007-10-16 22:02:24');


INSERT INTO `messages` (`id`, `from_user_id`, `to_user_id`, `body`, `created_at`) VALUES ('1', '101', '101', 'Optio id aut quam voluptatibus quaerat exercitationem. Ratione distinctio nisi qui provident a numquam adipisci. Dolores tempora eos sunt mollitia ut velit nihil. Consequatur est ut ea pariatur. Nihil mollitia sed est laudantium.', '1983-08-06 06:08:55');
INSERT INTO `messages` (`id`, `from_user_id`, `to_user_id`, `body`, `created_at`) VALUES ('2', '102', '102', 'Assumenda delectus occaecati rerum sit tempore cupiditate. Tempore dignissimos eos nostrum repellat provident. Itaque quia ullam delectus ut. Eveniet ipsa culpa nesciunt molestiae ratione.', '1989-05-13 20:55:04');
INSERT INTO `messages` (`id`, `from_user_id`, `to_user_id`, `body`, `created_at`) VALUES ('3', '103', '103', 'Quidem culpa voluptas quasi iusto expedita vero dolores. Architecto ea minus ea sit ratione quibusdam aut. Tenetur quis consequatur est enim.', '2001-04-11 15:38:28');
INSERT INTO `messages` (`id`, `from_user_id`, `to_user_id`, `body`, `created_at`) VALUES ('4', '104', '104', 'Minus cumque qui est incidunt mollitia. Nesciunt ex aliquam cupiditate. Quidem officia dolorem adipisci maiores et quas. Qui qui ducimus esse est et eos libero.', '1987-10-16 16:41:55');
INSERT INTO `messages` (`id`, `from_user_id`, `to_user_id`, `body`, `created_at`) VALUES ('5', '105', '105', 'Ut quis corrupti nisi veritatis. Suscipit sequi aut eos labore impedit dolor. Eos nisi est ut perferendis aut eius enim. Molestias consequatur tenetur sint hic.', '2021-02-21 14:37:28');
INSERT INTO `messages` (`id`, `from_user_id`, `to_user_id`, `body`, `created_at`) VALUES ('6', '106', '106', 'Magni in a saepe expedita. Suscipit dolor sint quisquam delectus est soluta occaecati. Dicta ratione recusandae voluptatum dolore qui corporis earum. Est maiores odit autem est magnam pariatur ullam.', '1975-07-19 12:12:08');
INSERT INTO `messages` (`id`, `from_user_id`, `to_user_id`, `body`, `created_at`) VALUES ('7', '107', '107', 'Qui officia nobis sint ad vel. Beatae cupiditate vel ea et. Nostrum architecto eaque et porro. Inventore et porro et nesciunt explicabo inventore.', '1983-08-01 14:00:39');
INSERT INTO `messages` (`id`, `from_user_id`, `to_user_id`, `body`, `created_at`) VALUES ('8', '108', '108', 'Ea cum harum et impedit nam laborum cum nisi. A voluptatem est eaque fuga modi. Corporis delectus at aut dolores est asperiores aut cum.', '2019-02-12 09:34:12');
INSERT INTO `messages` (`id`, `from_user_id`, `to_user_id`, `body`, `created_at`) VALUES ('9', '109', '109', 'Sapiente aut itaque error aut consequatur fugit. Magni blanditiis voluptatum nihil expedita eum atque. Omnis voluptates voluptas ab voluptatem eius et. Iste voluptatibus quo eos veniam.', '1995-07-16 20:00:39');
INSERT INTO `messages` (`id`, `from_user_id`, `to_user_id`, `body`, `created_at`) VALUES ('10', '110', '110', 'Et qui aut optio. Deserunt harum qui odio dolorem et dolorem. Sit corrupti qui voluptas quisquam. Officiis voluptatem illum dignissimos vel id aut est dicta. Animi aut eveniet cupiditate nam perspiciatis perferendis aut tenetur.', '2015-03-16 10:39:20');
INSERT INTO `messages` (`id`, `from_user_id`, `to_user_id`, `body`, `created_at`) VALUES ('11', '111', '111', 'Et ducimus dolorem illo fugiat. Officia vitae tempore inventore et doloribus. Illo aut quia reprehenderit in sed. Magnam sed sint molestiae porro voluptatibus corporis.', '2009-08-10 18:25:27');
INSERT INTO `messages` (`id`, `from_user_id`, `to_user_id`, `body`, `created_at`) VALUES ('12', '112', '112', 'Officiis sed sunt quae enim consectetur eligendi. Ex fugiat placeat temporibus quos. Dolorum saepe atque explicabo sit laudantium. Voluptas incidunt nulla explicabo nisi. Laboriosam ea nemo amet qui neque et id.', '1977-05-05 13:43:32');
INSERT INTO `messages` (`id`, `from_user_id`, `to_user_id`, `body`, `created_at`) VALUES ('13', '113', '113', 'Eaque aut quia reiciendis ducimus. Quam nihil quia est ea repudiandae et autem. Impedit quo repellendus maiores.', '1995-08-21 01:27:45');
INSERT INTO `messages` (`id`, `from_user_id`, `to_user_id`, `body`, `created_at`) VALUES ('14', '114', '114', 'Ut quaerat ipsam incidunt rem doloremque. Laborum officia quae repellendus corporis ipsum facere. Odit et reiciendis nisi earum dolor esse quia.', '2013-09-30 07:15:30');
INSERT INTO `messages` (`id`, `from_user_id`, `to_user_id`, `body`, `created_at`) VALUES ('15', '116', '116', 'Temporibus facilis ad consectetur amet pariatur quia eaque. Quam aut autem officia suscipit. Quas adipisci totam fugit et quae velit.', '1980-02-06 21:48:39');
INSERT INTO `messages` (`id`, `from_user_id`, `to_user_id`, `body`, `created_at`) VALUES ('16', '117', '117', 'Sunt at accusantium eos quis quis hic enim delectus. Qui ea cum numquam nostrum praesentium mollitia. Tenetur ut inventore fugiat qui est porro.', '1982-11-07 00:02:27');
INSERT INTO `messages` (`id`, `from_user_id`, `to_user_id`, `body`, `created_at`) VALUES ('17', '118', '118', 'Voluptatem maiores libero dolores ad aut tempora eligendi consectetur. Officiis dolore quod tempora numquam atque ipsam assumenda. Natus molestiae sit quod totam aut ipsum officiis. Qui consequuntur fugit animi aspernatur aut modi id beatae.', '1992-09-24 20:01:15');
INSERT INTO `messages` (`id`, `from_user_id`, `to_user_id`, `body`, `created_at`) VALUES ('18', '124', '124', 'Voluptatem alias voluptatibus vel non ut ut consectetur. Eum et architecto delectus consectetur eius magni dolorum. Aut sit iste voluptatum consequatur repellat.', '1972-06-07 09:31:31');
INSERT INTO `messages` (`id`, `from_user_id`, `to_user_id`, `body`, `created_at`) VALUES ('19', '126', '126', 'Quo recusandae amet labore est. Explicabo et aut fuga. Voluptatem vitae non illo.', '1984-05-19 19:19:55');
INSERT INTO `messages` (`id`, `from_user_id`, `to_user_id`, `body`, `created_at`) VALUES ('20', '128', '128', 'Qui et quibusdam officiis fugiat est quasi. Expedita harum illo recusandae soluta eaque. Accusamus aut deleniti quia qui.', '1997-11-24 17:01:54');
INSERT INTO `messages` (`id`, `from_user_id`, `to_user_id`, `body`, `created_at`) VALUES ('21', '129', '129', 'Nisi consectetur perspiciatis error debitis in est repellendus. Ex possimus provident tempora expedita officiis enim ea. Distinctio ea sint dolorem ipsam saepe.', '2009-11-09 08:16:34');
INSERT INTO `messages` (`id`, `from_user_id`, `to_user_id`, `body`, `created_at`) VALUES ('22', '130', '130', 'Tempore natus rerum magnam id. Perspiciatis aut vel et omnis maxime hic. Dignissimos sunt est quod ipsum deserunt nobis. Repudiandae corporis porro praesentium adipisci autem.', '1987-09-16 16:56:50');
INSERT INTO `messages` (`id`, `from_user_id`, `to_user_id`, `body`, `created_at`) VALUES ('23', '131', '131', 'Voluptatem vel et fugiat voluptatibus explicabo reprehenderit. Iste deleniti harum quos ad ut laudantium. Fugiat commodi quasi natus pariatur impedit nostrum pariatur. Delectus esse sed voluptatem in eum eveniet fugit.', '1970-09-02 12:55:05');
INSERT INTO `messages` (`id`, `from_user_id`, `to_user_id`, `body`, `created_at`) VALUES ('24', '134', '134', 'Deleniti debitis illo sequi error error saepe. Ratione quae quo eius quidem sapiente voluptatem. Non eos debitis in fugiat voluptas et debitis pariatur.', '1970-10-11 19:23:59');
INSERT INTO `messages` (`id`, `from_user_id`, `to_user_id`, `body`, `created_at`) VALUES ('25', '136', '136', 'Consequuntur libero in beatae omnis. Animi quo et et minus in occaecati. Minima sit suscipit occaecati perferendis quibusdam quisquam. Est magnam quo unde nam.', '1975-06-06 15:23:01');
INSERT INTO `messages` (`id`, `from_user_id`, `to_user_id`, `body`, `created_at`) VALUES ('26', '137', '137', 'Ex aut aperiam enim ut sapiente. Consequuntur doloremque enim et rerum dolore qui dicta possimus.', '1978-12-04 04:56:43');
INSERT INTO `messages` (`id`, `from_user_id`, `to_user_id`, `body`, `created_at`) VALUES ('27', '138', '138', 'Sit quo vero eos voluptatibus ea laudantium. Distinctio nostrum autem excepturi officia nisi repudiandae. Rem harum temporibus non saepe.', '1974-06-05 07:50:54');
INSERT INTO `messages` (`id`, `from_user_id`, `to_user_id`, `body`, `created_at`) VALUES ('28', '140', '140', 'Suscipit sapiente vitae perspiciatis ut quidem eveniet quo. Tempore laboriosam eum ut sint. Maiores praesentium nihil at non cum.', '1977-07-08 07:02:00');
INSERT INTO `messages` (`id`, `from_user_id`, `to_user_id`, `body`, `created_at`) VALUES ('29', '141', '141', 'Sint earum aut adipisci omnis dolorem a voluptatibus aperiam. Quis optio sunt est aliquam doloribus est. Accusamus cupiditate velit eos.', '1986-07-27 08:10:43');
INSERT INTO `messages` (`id`, `from_user_id`, `to_user_id`, `body`, `created_at`) VALUES ('30', '143', '143', 'Aut excepturi enim aliquid. Sapiente tempora dolores enim incidunt. Atque vero ipsa illo non consequuntur enim vitae. Id officia ullam voluptatem.', '1998-11-30 18:42:24');
INSERT INTO `messages` (`id`, `from_user_id`, `to_user_id`, `body`, `created_at`) VALUES ('31', '146', '146', 'Quisquam cumque quas laudantium sint. Id assumenda repudiandae velit eos. Distinctio modi quos nobis doloribus omnis porro autem.', '2011-03-17 23:30:59');
INSERT INTO `messages` (`id`, `from_user_id`, `to_user_id`, `body`, `created_at`) VALUES ('32', '147', '147', 'Quia aut amet ipsam facere ad. Sed excepturi iste necessitatibus sit. Sit placeat incidunt neque quibusdam voluptate et rerum. Quos omnis nam libero aut aliquid.', '2013-06-11 17:41:13');
INSERT INTO `messages` (`id`, `from_user_id`, `to_user_id`, `body`, `created_at`) VALUES ('33', '148', '148', 'Quasi est molestiae libero voluptatem temporibus vel. Dolorum temporibus nihil animi mollitia voluptas commodi. Error eaque omnis eligendi omnis qui. Nesciunt suscipit qui saepe iusto soluta. Praesentium tenetur ad rerum minima quia ipsum occaecati.', '1977-03-06 20:31:27');
INSERT INTO `messages` (`id`, `from_user_id`, `to_user_id`, `body`, `created_at`) VALUES ('34', '152', '152', 'Perferendis in quasi aperiam qui et id in. Voluptatem facilis reprehenderit unde reprehenderit ut sed aut aut. Enim qui iusto voluptates id voluptas aspernatur est.', '1976-04-05 01:19:14');
INSERT INTO `messages` (`id`, `from_user_id`, `to_user_id`, `body`, `created_at`) VALUES ('35', '153', '153', 'Error suscipit nesciunt enim fuga expedita. Dolor natus incidunt voluptatem rerum vel. Maiores minus est recusandae recusandae eveniet sunt ad. Corporis at laborum occaecati quisquam voluptatem optio inventore. Est repellat ipsa qui exercitationem.', '2018-12-26 09:58:23');
INSERT INTO `messages` (`id`, `from_user_id`, `to_user_id`, `body`, `created_at`) VALUES ('36', '155', '155', 'Omnis cumque mollitia provident qui quaerat et. Provident a nisi reiciendis repellendus. Suscipit impedit voluptas ad porro. Soluta accusantium dicta enim occaecati iusto vel.', '2000-01-20 18:29:44');
INSERT INTO `messages` (`id`, `from_user_id`, `to_user_id`, `body`, `created_at`) VALUES ('37', '158', '158', 'Mollitia consequuntur facere iste a suscipit. Inventore quo dolore ut et. Omnis autem libero et deserunt eveniet.', '1996-04-25 01:14:48');
INSERT INTO `messages` (`id`, `from_user_id`, `to_user_id`, `body`, `created_at`) VALUES ('38', '159', '159', 'Non aut assumenda quam et aliquam et corporis. Sapiente sint quibusdam necessitatibus. Assumenda et optio possimus explicabo autem sed ut sit.', '2003-10-15 14:41:54');
INSERT INTO `messages` (`id`, `from_user_id`, `to_user_id`, `body`, `created_at`) VALUES ('39', '160', '160', 'Enim aut et dolores eum dolor blanditiis ut sequi. Eum omnis quibusdam ut aliquam. Consequuntur qui aut et qui alias. Quasi doloremque sapiente rerum sunt.', '1981-04-17 08:17:04');
INSERT INTO `messages` (`id`, `from_user_id`, `to_user_id`, `body`, `created_at`) VALUES ('40', '161', '161', 'Ullam ab enim qui adipisci at quia a voluptatem. Ducimus doloremque vel beatae qui sunt.', '2002-04-12 13:08:07');
INSERT INTO `messages` (`id`, `from_user_id`, `to_user_id`, `body`, `created_at`) VALUES ('41', '165', '165', 'Aut eum rerum velit blanditiis aut quo sit. Optio ea similique vel sit dolores. Rerum impedit corrupti officia assumenda quia.', '2008-05-11 14:05:33');
INSERT INTO `messages` (`id`, `from_user_id`, `to_user_id`, `body`, `created_at`) VALUES ('42', '167', '167', 'Qui incidunt sed similique minus eum cum. Natus velit dolor in repellendus. Tempora iusto libero molestias.', '2013-01-18 05:39:24');
INSERT INTO `messages` (`id`, `from_user_id`, `to_user_id`, `body`, `created_at`) VALUES ('43', '171', '171', 'Aut eum similique natus et. Voluptatibus voluptatem labore quae qui quis neque veritatis. Totam quia illo id non.', '1987-08-20 09:04:07');
INSERT INTO `messages` (`id`, `from_user_id`, `to_user_id`, `body`, `created_at`) VALUES ('44', '173', '173', 'Est qui id qui quae labore nihil. Voluptatum ab optio voluptas vel nihil. Facilis dolore velit maxime molestias. Quo est itaque autem cumque rerum officiis expedita.', '1976-08-07 11:08:19');
INSERT INTO `messages` (`id`, `from_user_id`, `to_user_id`, `body`, `created_at`) VALUES ('45', '174', '174', 'Aut cumque tempora commodi cupiditate molestias sed. Est ut qui exercitationem quo inventore quo.', '2005-07-04 15:45:45');
INSERT INTO `messages` (`id`, `from_user_id`, `to_user_id`, `body`, `created_at`) VALUES ('46', '175', '175', 'Ad sunt eaque iusto sint omnis. Et ut et asperiores numquam consequuntur rem et. Quae in sed amet est molestiae impedit. Molestiae aut hic quis provident.', '1991-10-02 02:52:37');
INSERT INTO `messages` (`id`, `from_user_id`, `to_user_id`, `body`, `created_at`) VALUES ('47', '177', '177', 'Aut et et debitis reiciendis quis. Sit esse qui non quos. Veritatis aperiam quae atque minima. Sit et et et dicta eaque in odit.', '2007-11-14 10:29:12');
INSERT INTO `messages` (`id`, `from_user_id`, `to_user_id`, `body`, `created_at`) VALUES ('48', '180', '180', 'Asperiores voluptas saepe sed. Cupiditate ut non et. Animi non consequuntur enim qui. Iste rerum nostrum animi tempore deserunt.', '1971-10-28 22:14:05');
INSERT INTO `messages` (`id`, `from_user_id`, `to_user_id`, `body`, `created_at`) VALUES ('49', '182', '182', 'Eaque sed veniam occaecati quis eum eum sequi. Saepe dolore ipsa eum ullam omnis. Quae architecto amet cum ex. Rerum sit quod voluptas cupiditate aut ad consequatur harum.', '1976-07-10 00:56:55');
INSERT INTO `messages` (`id`, `from_user_id`, `to_user_id`, `body`, `created_at`) VALUES ('50', '183', '183', 'Exercitationem doloremque recusandae neque. Qui voluptatem earum debitis officiis nisi assumenda asperiores veniam. Minima velit et expedita velit eius. Ut quo omnis non nemo reiciendis.', '2016-07-14 02:17:22');
INSERT INTO `messages` (`id`, `from_user_id`, `to_user_id`, `body`, `created_at`) VALUES ('51', '184', '184', 'Aut rerum rem dicta. Qui sint neque ullam sint eum. Dolore et consectetur hic perspiciatis.', '1977-12-15 02:34:18');
INSERT INTO `messages` (`id`, `from_user_id`, `to_user_id`, `body`, `created_at`) VALUES ('52', '185', '185', 'Voluptatibus provident dignissimos et. Praesentium aut assumenda dolorem et voluptatem dolores. Id ut illo quaerat dicta suscipit voluptates pariatur similique.', '1978-09-22 20:25:27');
INSERT INTO `messages` (`id`, `from_user_id`, `to_user_id`, `body`, `created_at`) VALUES ('53', '186', '186', 'Esse temporibus amet dolor labore. Et aperiam ratione aut aut. Natus et non sit ut recusandae ipsa quae aperiam. Aliquam suscipit optio porro rem.', '2001-10-21 09:28:01');
INSERT INTO `messages` (`id`, `from_user_id`, `to_user_id`, `body`, `created_at`) VALUES ('54', '187', '187', 'Tenetur ex itaque tempore amet quaerat repudiandae. Velit dicta quaerat quaerat qui facilis ducimus et. Ipsa qui dolores et non soluta. Quod adipisci vero dolor incidunt itaque nesciunt.', '1975-04-22 22:38:53');
INSERT INTO `messages` (`id`, `from_user_id`, `to_user_id`, `body`, `created_at`) VALUES ('55', '188', '188', 'Corporis voluptatem quo ut aliquid occaecati. Et optio ducimus mollitia consequuntur enim omnis quo. Aut recusandae accusantium itaque reiciendis. Consequuntur nobis non et quae.', '2001-08-01 01:35:19');
INSERT INTO `messages` (`id`, `from_user_id`, `to_user_id`, `body`, `created_at`) VALUES ('56', '189', '189', 'Harum veritatis architecto magnam commodi autem autem quibusdam. Mollitia dolores cumque laboriosam non. Voluptas aut nihil in et expedita mollitia mollitia.', '2005-03-06 16:04:59');
INSERT INTO `messages` (`id`, `from_user_id`, `to_user_id`, `body`, `created_at`) VALUES ('57', '190', '190', 'Enim incidunt eum minus distinctio a. Qui itaque voluptatem ea beatae quibusdam nostrum et. Ipsam alias aut alias dolorum ipsam esse dolore.', '1994-11-07 13:38:33');
INSERT INTO `messages` (`id`, `from_user_id`, `to_user_id`, `body`, `created_at`) VALUES ('58', '191', '191', 'Dolorum exercitationem totam rerum nostrum ipsa et voluptatem. Ut perferendis eos nam aliquam autem. Consequatur enim aut aperiam et quisquam ut iste rerum. Sit a sit dolor facere.', '1973-09-10 13:37:58');
INSERT INTO `messages` (`id`, `from_user_id`, `to_user_id`, `body`, `created_at`) VALUES ('59', '194', '194', 'Repellendus sed est est voluptatum voluptatem. Explicabo sit cumque nisi nam quasi.', '2002-02-13 20:34:46');
INSERT INTO `messages` (`id`, `from_user_id`, `to_user_id`, `body`, `created_at`) VALUES ('60', '195', '195', 'Inventore dolor quidem quam adipisci quidem earum est. Rerum dolor aut voluptatibus et. Et quia ut odio culpa iusto minima. Eum sapiente sit dolorem sunt nemo.', '2015-09-25 14:12:21');
INSERT INTO `messages` (`id`, `from_user_id`, `to_user_id`, `body`, `created_at`) VALUES ('61', '196', '196', 'Eveniet voluptatem voluptas ut hic fugit dolor voluptas. Quisquam illum exercitationem doloribus dolore voluptatibus. Doloremque consequatur molestiae accusamus eaque ut. Hic odit sit ipsum dicta harum suscipit.', '2011-01-11 16:07:28');
INSERT INTO `messages` (`id`, `from_user_id`, `to_user_id`, `body`, `created_at`) VALUES ('62', '199', '199', 'Est repellendus perferendis voluptatem non pariatur. Est quia ipsum adipisci perspiciatis est ipsam laboriosam. Est voluptatem laboriosam ad aliquam. Aut deserunt maiores quia consectetur fugit quidem commodi.', '1996-10-09 18:58:21');
INSERT INTO `messages` (`id`, `from_user_id`, `to_user_id`, `body`, `created_at`) VALUES ('63', '200', '200', 'Vel qui excepturi quia sed corrupti. At minima voluptatem blanditiis laborum voluptatem deserunt totam.', '2007-08-27 07:54:54');
INSERT INTO `messages` (`id`, `from_user_id`, `to_user_id`, `body`, `created_at`) VALUES ('64', '101', '101', 'Est qui aspernatur blanditiis cupiditate. Qui voluptatem veritatis veniam porro. Ex et maxime ab aut. Recusandae maxime rerum exercitationem natus hic rerum.', '1978-01-21 10:47:29');
INSERT INTO `messages` (`id`, `from_user_id`, `to_user_id`, `body`, `created_at`) VALUES ('65', '102', '102', 'Et aut modi dolorem accusamus odio quos reprehenderit. Similique rerum maiores rerum necessitatibus. Placeat nihil laboriosam voluptatem ut unde sed et aut.', '2008-04-25 00:17:59');
INSERT INTO `messages` (`id`, `from_user_id`, `to_user_id`, `body`, `created_at`) VALUES ('66', '103', '103', 'Omnis hic beatae cumque et. Ea sunt aut alias. Labore ea ipsa aut. Est non a quidem accusantium aut quasi.', '2004-11-14 12:16:47');
INSERT INTO `messages` (`id`, `from_user_id`, `to_user_id`, `body`, `created_at`) VALUES ('67', '104', '104', 'Eum minima voluptatibus optio est repudiandae possimus et voluptatem. Eaque et laudantium eius repudiandae harum. Eum sit aliquid dolor qui qui.', '2005-10-31 11:12:56');
INSERT INTO `messages` (`id`, `from_user_id`, `to_user_id`, `body`, `created_at`) VALUES ('68', '105', '105', 'Sit aut aut labore earum ad quas. Facere corrupti deleniti ut iure. Sed ut rerum nemo omnis et non est inventore. Veritatis et eos in optio et cumque vero. Perspiciatis minima sit nulla aut voluptate.', '1976-05-09 13:40:46');
INSERT INTO `messages` (`id`, `from_user_id`, `to_user_id`, `body`, `created_at`) VALUES ('69', '106', '106', 'Voluptatem expedita reiciendis sed. Sit fugit optio aperiam voluptas et deleniti provident.', '1995-01-12 05:24:35');
INSERT INTO `messages` (`id`, `from_user_id`, `to_user_id`, `body`, `created_at`) VALUES ('70', '107', '107', 'Impedit dignissimos nam quos soluta necessitatibus. Dolore earum doloremque ea explicabo iure possimus quia. Enim omnis veniam incidunt. Quibusdam dolor minus et.', '2003-04-11 16:46:54');
INSERT INTO `messages` (`id`, `from_user_id`, `to_user_id`, `body`, `created_at`) VALUES ('71', '108', '108', 'Vel rem doloribus laboriosam ut architecto dignissimos. Labore animi qui sit quae non et dolores magni. Autem ut cupiditate commodi cumque quo et.', '1991-11-08 21:56:26');
INSERT INTO `messages` (`id`, `from_user_id`, `to_user_id`, `body`, `created_at`) VALUES ('72', '109', '109', 'Consectetur possimus error est blanditiis quas. Quos sed quidem quo tenetur ipsam a expedita. Distinctio aut ullam distinctio nesciunt assumenda.', '2019-02-19 21:08:27');
INSERT INTO `messages` (`id`, `from_user_id`, `to_user_id`, `body`, `created_at`) VALUES ('73', '110', '110', 'Maiores reiciendis doloribus porro veritatis. Earum ut ut nobis harum fuga. Exercitationem tempore dolores et laudantium alias.', '2007-02-03 05:21:41');
INSERT INTO `messages` (`id`, `from_user_id`, `to_user_id`, `body`, `created_at`) VALUES ('74', '111', '111', 'Rerum autem eveniet ipsam. Aliquam voluptatum facilis quisquam id excepturi. Pariatur eos voluptatem nam autem quas autem natus. Repudiandae adipisci quos alias.', '1975-03-26 13:28:24');
INSERT INTO `messages` (`id`, `from_user_id`, `to_user_id`, `body`, `created_at`) VALUES ('75', '112', '112', 'Sed commodi distinctio similique ab modi voluptas nostrum. Ratione perferendis vitae adipisci aut voluptates aliquam.', '2017-04-20 02:10:16');
INSERT INTO `messages` (`id`, `from_user_id`, `to_user_id`, `body`, `created_at`) VALUES ('76', '113', '113', 'Ea reiciendis magni qui et corrupti ipsum. Qui ad inventore aperiam sed. Aut quis vero explicabo officia autem dolores in. Ut magni recusandae molestias omnis soluta maiores.', '1981-09-02 19:44:03');
INSERT INTO `messages` (`id`, `from_user_id`, `to_user_id`, `body`, `created_at`) VALUES ('77', '114', '114', 'Dicta aliquam nemo necessitatibus aut aut sunt ut. Qui sed et quae illum vero. Architecto quia ad iure et ex eius.', '1985-10-16 10:55:13');
INSERT INTO `messages` (`id`, `from_user_id`, `to_user_id`, `body`, `created_at`) VALUES ('78', '116', '116', 'Ex enim blanditiis illum a est reprehenderit. Sunt non tempore suscipit et eveniet. Dolor fuga soluta facere rerum quas aut blanditiis.', '1992-03-01 08:41:30');
INSERT INTO `messages` (`id`, `from_user_id`, `to_user_id`, `body`, `created_at`) VALUES ('79', '117', '117', 'Quaerat est quo nam vel dolorem. Cupiditate dolorem omnis officiis explicabo. Aspernatur illum expedita est aut accusamus voluptatibus. Quisquam eum reiciendis maxime omnis.', '2000-08-24 04:12:20');
INSERT INTO `messages` (`id`, `from_user_id`, `to_user_id`, `body`, `created_at`) VALUES ('80', '118', '118', 'Eum laborum quas et facere qui ut. Voluptatibus qui harum aliquam vitae. Dolore eos vitae nihil minima et soluta voluptas tempore. Necessitatibus rerum quos qui aut soluta ut. Aspernatur qui harum iure rerum quam impedit eum.', '1997-05-30 23:54:00');
INSERT INTO `messages` (`id`, `from_user_id`, `to_user_id`, `body`, `created_at`) VALUES ('81', '124', '124', 'Officiis unde ipsum eveniet consequatur maiores omnis. Et rem est accusantium aut. Est non magnam laborum quam alias molestias nihil. Consectetur sunt sapiente animi perspiciatis inventore ab magni mollitia.', '1987-10-21 23:17:16');
INSERT INTO `messages` (`id`, `from_user_id`, `to_user_id`, `body`, `created_at`) VALUES ('82', '126', '126', 'Est occaecati facilis quo et aliquid occaecati. Voluptatem fuga magni vel voluptatibus. Est at suscipit atque distinctio. Est error voluptas repudiandae deserunt.', '2013-05-17 05:06:29');
INSERT INTO `messages` (`id`, `from_user_id`, `to_user_id`, `body`, `created_at`) VALUES ('83', '128', '128', 'Aperiam impedit cumque ea delectus harum. Ducimus dolor saepe quia qui iste. Omnis eius rem laboriosam et illo et. Animi sed non magnam aut sequi.', '1991-05-13 13:57:09');
INSERT INTO `messages` (`id`, `from_user_id`, `to_user_id`, `body`, `created_at`) VALUES ('84', '129', '129', 'Laudantium fugiat neque a voluptatem corrupti velit accusamus consequuntur. Incidunt fuga incidunt nesciunt omnis nemo. Est aut et neque enim sed recusandae.', '1975-03-23 08:56:29');
INSERT INTO `messages` (`id`, `from_user_id`, `to_user_id`, `body`, `created_at`) VALUES ('85', '130', '130', 'Voluptas et hic rem sed. Veritatis dolorem iure voluptates similique explicabo. Accusantium harum nulla doloribus consequatur.', '1972-05-20 23:37:38');
INSERT INTO `messages` (`id`, `from_user_id`, `to_user_id`, `body`, `created_at`) VALUES ('86', '131', '131', 'Et neque iste debitis eum temporibus. A inventore dolorem sed eos repellat voluptatibus. Aut odio et perferendis consequatur iste reiciendis fugiat.', '1975-05-09 17:19:25');
INSERT INTO `messages` (`id`, `from_user_id`, `to_user_id`, `body`, `created_at`) VALUES ('87', '134', '134', 'Fugiat adipisci ut soluta. Perspiciatis recusandae quasi libero et. Facere nam molestiae deleniti nulla dolorem. Maxime quia eum dignissimos eos possimus iusto.', '2004-05-09 09:36:08');
INSERT INTO `messages` (`id`, `from_user_id`, `to_user_id`, `body`, `created_at`) VALUES ('88', '136', '136', 'Eligendi animi et totam et velit voluptatem rerum sequi. Nesciunt velit dolores ut laboriosam. Consequuntur atque et perspiciatis provident sunt assumenda dolor. Illo nobis quae libero nesciunt id aut.', '1991-05-05 06:41:11');
INSERT INTO `messages` (`id`, `from_user_id`, `to_user_id`, `body`, `created_at`) VALUES ('89', '137', '137', 'Fuga neque accusantium quia eveniet. Repellat ea autem voluptatem veniam est nemo sunt. Explicabo omnis nihil ut ut incidunt velit.', '1995-07-21 11:42:58');
INSERT INTO `messages` (`id`, `from_user_id`, `to_user_id`, `body`, `created_at`) VALUES ('90', '138', '138', 'Dolores ut rerum eum delectus dolorem rerum non. Consequatur ullam non et et repellat ea aut vero. At quas et nihil quod. Perferendis recusandae cum quas voluptates consequuntur laboriosam id nesciunt.', '2010-10-14 21:39:37');
INSERT INTO `messages` (`id`, `from_user_id`, `to_user_id`, `body`, `created_at`) VALUES ('91', '140', '140', 'Ut consectetur aut ad esse. Quam beatae illo consectetur. Nam enim sint maxime velit id. Id quo nihil quis cumque consequuntur ut aut. Temporibus et deleniti at omnis.', '2019-02-24 15:27:57');
INSERT INTO `messages` (`id`, `from_user_id`, `to_user_id`, `body`, `created_at`) VALUES ('92', '141', '141', 'Quidem nesciunt fuga beatae dolor. Voluptas ex veniam magni quod et ipsum. Pariatur veritatis ipsam hic.', '2019-04-20 22:53:24');
INSERT INTO `messages` (`id`, `from_user_id`, `to_user_id`, `body`, `created_at`) VALUES ('93', '143', '143', 'In dicta magni similique cum reprehenderit dolor aut est. Sint voluptatem praesentium officiis pariatur velit eos. Quod omnis delectus ut rerum et ducimus doloremque.', '1990-03-02 02:29:54');
INSERT INTO `messages` (`id`, `from_user_id`, `to_user_id`, `body`, `created_at`) VALUES ('94', '146', '146', 'Voluptates laborum quo quod iste. Autem dolore repellat et qui. Aliquid inventore placeat nobis eveniet molestias consequatur. Est quisquam quaerat ipsa sit eaque accusantium enim ut.', '2004-08-16 17:36:12');
INSERT INTO `messages` (`id`, `from_user_id`, `to_user_id`, `body`, `created_at`) VALUES ('95', '147', '147', 'Et labore quas molestiae ut. Autem cum consequatur perspiciatis ex non et. Quae aliquid dolore soluta et perspiciatis veritatis accusamus. Reiciendis qui ullam sint quia ipsam autem sed.', '1976-04-12 12:38:42');
INSERT INTO `messages` (`id`, `from_user_id`, `to_user_id`, `body`, `created_at`) VALUES ('96', '148', '148', 'Sit unde consequuntur blanditiis eligendi non necessitatibus ut ex. Saepe et itaque velit earum aut nostrum odit.', '1980-03-22 16:02:31');
INSERT INTO `messages` (`id`, `from_user_id`, `to_user_id`, `body`, `created_at`) VALUES ('97', '152', '152', 'Ut esse qui sequi quas tempora molestias. Consequatur tenetur error ut commodi rerum doloremque. Quo sed expedita neque animi eum nostrum. Rerum aliquam qui nihil rerum doloribus eum tenetur tenetur.', '2005-08-02 17:54:52');
INSERT INTO `messages` (`id`, `from_user_id`, `to_user_id`, `body`, `created_at`) VALUES ('98', '153', '153', 'Eum necessitatibus molestias accusamus vero possimus. Qui quo eos eos iste.', '2002-03-11 15:37:57');
INSERT INTO `messages` (`id`, `from_user_id`, `to_user_id`, `body`, `created_at`) VALUES ('99', '155', '155', 'Facere non autem aspernatur laboriosam. Illo veniam blanditiis quaerat suscipit et fugiat provident. Sequi minus ut temporibus odit ratione magni.', '1993-02-26 11:39:49');
INSERT INTO `messages` (`id`, `from_user_id`, `to_user_id`, `body`, `created_at`) VALUES ('100', '158', '158', 'Et repudiandae dolores doloremque. Ea totam velit et consequatur. Et reprehenderit tenetur veniam delectus reiciendis non amet laboriosam.', '2010-07-29 05:26:02');


INSERT INTO `photo_albums` (`id`, `name`, `user_id`) VALUES ('1', 'placeat', '101');
INSERT INTO `photo_albums` (`id`, `name`, `user_id`) VALUES ('2', 'repellendus', '102');
INSERT INTO `photo_albums` (`id`, `name`, `user_id`) VALUES ('3', 'et', '103');
INSERT INTO `photo_albums` (`id`, `name`, `user_id`) VALUES ('4', 'exercitationem', '104');
INSERT INTO `photo_albums` (`id`, `name`, `user_id`) VALUES ('5', 'aperiam', '105');
INSERT INTO `photo_albums` (`id`, `name`, `user_id`) VALUES ('6', 'corrupti', '106');
INSERT INTO `photo_albums` (`id`, `name`, `user_id`) VALUES ('7', 'omnis', '107');
INSERT INTO `photo_albums` (`id`, `name`, `user_id`) VALUES ('8', 'voluptas', '108');
INSERT INTO `photo_albums` (`id`, `name`, `user_id`) VALUES ('9', 'qui', '109');
INSERT INTO `photo_albums` (`id`, `name`, `user_id`) VALUES ('10', 'aut', '110');
INSERT INTO `photo_albums` (`id`, `name`, `user_id`) VALUES ('11', 'esse', '111');
INSERT INTO `photo_albums` (`id`, `name`, `user_id`) VALUES ('12', 'ratione', '112');
INSERT INTO `photo_albums` (`id`, `name`, `user_id`) VALUES ('13', 'totam', '113');
INSERT INTO `photo_albums` (`id`, `name`, `user_id`) VALUES ('14', 'a', '114');
INSERT INTO `photo_albums` (`id`, `name`, `user_id`) VALUES ('15', 'commodi', '116');
INSERT INTO `photo_albums` (`id`, `name`, `user_id`) VALUES ('16', 'maiores', '117');
INSERT INTO `photo_albums` (`id`, `name`, `user_id`) VALUES ('17', 'atque', '118');
INSERT INTO `photo_albums` (`id`, `name`, `user_id`) VALUES ('18', 'placeat', '124');
INSERT INTO `photo_albums` (`id`, `name`, `user_id`) VALUES ('19', 'modi', '126');
INSERT INTO `photo_albums` (`id`, `name`, `user_id`) VALUES ('20', 'laudantium', '128');
INSERT INTO `photo_albums` (`id`, `name`, `user_id`) VALUES ('21', 'nihil', '129');
INSERT INTO `photo_albums` (`id`, `name`, `user_id`) VALUES ('22', 'aspernatur', '130');
INSERT INTO `photo_albums` (`id`, `name`, `user_id`) VALUES ('23', 'iusto', '131');
INSERT INTO `photo_albums` (`id`, `name`, `user_id`) VALUES ('24', 'neque', '134');
INSERT INTO `photo_albums` (`id`, `name`, `user_id`) VALUES ('25', 'cumque', '136');
INSERT INTO `photo_albums` (`id`, `name`, `user_id`) VALUES ('26', 'libero', '137');
INSERT INTO `photo_albums` (`id`, `name`, `user_id`) VALUES ('27', 'et', '138');
INSERT INTO `photo_albums` (`id`, `name`, `user_id`) VALUES ('28', 'sit', '140');
INSERT INTO `photo_albums` (`id`, `name`, `user_id`) VALUES ('29', 'libero', '141');
INSERT INTO `photo_albums` (`id`, `name`, `user_id`) VALUES ('30', 'id', '143');
INSERT INTO `photo_albums` (`id`, `name`, `user_id`) VALUES ('31', 'dolores', '146');
INSERT INTO `photo_albums` (`id`, `name`, `user_id`) VALUES ('32', 'quisquam', '147');
INSERT INTO `photo_albums` (`id`, `name`, `user_id`) VALUES ('33', 'aliquid', '148');
INSERT INTO `photo_albums` (`id`, `name`, `user_id`) VALUES ('34', 'aspernatur', '152');
INSERT INTO `photo_albums` (`id`, `name`, `user_id`) VALUES ('35', 'ut', '153');
INSERT INTO `photo_albums` (`id`, `name`, `user_id`) VALUES ('36', 'et', '155');
INSERT INTO `photo_albums` (`id`, `name`, `user_id`) VALUES ('37', 'ut', '158');
INSERT INTO `photo_albums` (`id`, `name`, `user_id`) VALUES ('38', 'ut', '159');
INSERT INTO `photo_albums` (`id`, `name`, `user_id`) VALUES ('39', 'sit', '160');
INSERT INTO `photo_albums` (`id`, `name`, `user_id`) VALUES ('40', 'maxime', '161');
INSERT INTO `photo_albums` (`id`, `name`, `user_id`) VALUES ('41', 'quaerat', '165');
INSERT INTO `photo_albums` (`id`, `name`, `user_id`) VALUES ('42', 'ut', '167');
INSERT INTO `photo_albums` (`id`, `name`, `user_id`) VALUES ('43', 'dolorum', '171');
INSERT INTO `photo_albums` (`id`, `name`, `user_id`) VALUES ('44', 'itaque', '173');
INSERT INTO `photo_albums` (`id`, `name`, `user_id`) VALUES ('45', 'aut', '174');
INSERT INTO `photo_albums` (`id`, `name`, `user_id`) VALUES ('46', 'qui', '175');
INSERT INTO `photo_albums` (`id`, `name`, `user_id`) VALUES ('47', 'vel', '177');
INSERT INTO `photo_albums` (`id`, `name`, `user_id`) VALUES ('48', 'quidem', '180');
INSERT INTO `photo_albums` (`id`, `name`, `user_id`) VALUES ('49', 'dolores', '182');
INSERT INTO `photo_albums` (`id`, `name`, `user_id`) VALUES ('50', 'dicta', '183');
INSERT INTO `photo_albums` (`id`, `name`, `user_id`) VALUES ('51', 'atque', '184');
INSERT INTO `photo_albums` (`id`, `name`, `user_id`) VALUES ('52', 'iure', '185');
INSERT INTO `photo_albums` (`id`, `name`, `user_id`) VALUES ('53', 'libero', '186');
INSERT INTO `photo_albums` (`id`, `name`, `user_id`) VALUES ('54', 'dolores', '187');
INSERT INTO `photo_albums` (`id`, `name`, `user_id`) VALUES ('55', 'est', '188');
INSERT INTO `photo_albums` (`id`, `name`, `user_id`) VALUES ('56', 'quas', '189');
INSERT INTO `photo_albums` (`id`, `name`, `user_id`) VALUES ('57', 'officiis', '190');
INSERT INTO `photo_albums` (`id`, `name`, `user_id`) VALUES ('58', 'vitae', '191');
INSERT INTO `photo_albums` (`id`, `name`, `user_id`) VALUES ('59', 'unde', '194');
INSERT INTO `photo_albums` (`id`, `name`, `user_id`) VALUES ('60', 'enim', '195');
INSERT INTO `photo_albums` (`id`, `name`, `user_id`) VALUES ('61', 'quis', '196');
INSERT INTO `photo_albums` (`id`, `name`, `user_id`) VALUES ('62', 'debitis', '199');
INSERT INTO `photo_albums` (`id`, `name`, `user_id`) VALUES ('63', 'molestias', '200');
INSERT INTO `photo_albums` (`id`, `name`, `user_id`) VALUES ('64', 'nihil', '101');
INSERT INTO `photo_albums` (`id`, `name`, `user_id`) VALUES ('65', 'fuga', '102');
INSERT INTO `photo_albums` (`id`, `name`, `user_id`) VALUES ('66', 'ea', '103');
INSERT INTO `photo_albums` (`id`, `name`, `user_id`) VALUES ('67', 'iusto', '104');
INSERT INTO `photo_albums` (`id`, `name`, `user_id`) VALUES ('68', 'mollitia', '105');
INSERT INTO `photo_albums` (`id`, `name`, `user_id`) VALUES ('69', 'molestiae', '106');
INSERT INTO `photo_albums` (`id`, `name`, `user_id`) VALUES ('70', 'qui', '107');
INSERT INTO `photo_albums` (`id`, `name`, `user_id`) VALUES ('71', 'laboriosam', '108');
INSERT INTO `photo_albums` (`id`, `name`, `user_id`) VALUES ('72', 'dolore', '109');
INSERT INTO `photo_albums` (`id`, `name`, `user_id`) VALUES ('73', 'consectetur', '110');
INSERT INTO `photo_albums` (`id`, `name`, `user_id`) VALUES ('74', 'error', '111');
INSERT INTO `photo_albums` (`id`, `name`, `user_id`) VALUES ('75', 'architecto', '112');
INSERT INTO `photo_albums` (`id`, `name`, `user_id`) VALUES ('76', 'corporis', '113');
INSERT INTO `photo_albums` (`id`, `name`, `user_id`) VALUES ('77', 'inventore', '114');
INSERT INTO `photo_albums` (`id`, `name`, `user_id`) VALUES ('78', 'ex', '116');
INSERT INTO `photo_albums` (`id`, `name`, `user_id`) VALUES ('79', 'doloremque', '117');
INSERT INTO `photo_albums` (`id`, `name`, `user_id`) VALUES ('80', 'qui', '118');
INSERT INTO `photo_albums` (`id`, `name`, `user_id`) VALUES ('81', 'alias', '124');
INSERT INTO `photo_albums` (`id`, `name`, `user_id`) VALUES ('82', 'neque', '126');
INSERT INTO `photo_albums` (`id`, `name`, `user_id`) VALUES ('83', 'et', '128');
INSERT INTO `photo_albums` (`id`, `name`, `user_id`) VALUES ('84', 'eligendi', '129');
INSERT INTO `photo_albums` (`id`, `name`, `user_id`) VALUES ('85', 'maiores', '130');
INSERT INTO `photo_albums` (`id`, `name`, `user_id`) VALUES ('86', 'eligendi', '131');
INSERT INTO `photo_albums` (`id`, `name`, `user_id`) VALUES ('87', 'vero', '134');
INSERT INTO `photo_albums` (`id`, `name`, `user_id`) VALUES ('88', 'enim', '136');
INSERT INTO `photo_albums` (`id`, `name`, `user_id`) VALUES ('89', 'facere', '137');
INSERT INTO `photo_albums` (`id`, `name`, `user_id`) VALUES ('90', 'illum', '138');
INSERT INTO `photo_albums` (`id`, `name`, `user_id`) VALUES ('91', 'quibusdam', '140');
INSERT INTO `photo_albums` (`id`, `name`, `user_id`) VALUES ('92', 'cumque', '141');
INSERT INTO `photo_albums` (`id`, `name`, `user_id`) VALUES ('93', 'totam', '143');
INSERT INTO `photo_albums` (`id`, `name`, `user_id`) VALUES ('94', 'eum', '146');
INSERT INTO `photo_albums` (`id`, `name`, `user_id`) VALUES ('95', 'repellendus', '147');
INSERT INTO `photo_albums` (`id`, `name`, `user_id`) VALUES ('96', 'quia', '148');
INSERT INTO `photo_albums` (`id`, `name`, `user_id`) VALUES ('97', 'aperiam', '152');
INSERT INTO `photo_albums` (`id`, `name`, `user_id`) VALUES ('98', 'consequatur', '153');
INSERT INTO `photo_albums` (`id`, `name`, `user_id`) VALUES ('99', 'aut', '155');
INSERT INTO `photo_albums` (`id`, `name`, `user_id`) VALUES ('100', 'autem', '158');


INSERT INTO `photos` (`id`, `album_id`, `media_id`) VALUES ('1', '1', '1');
INSERT INTO `photos` (`id`, `album_id`, `media_id`) VALUES ('2', '2', '2');
INSERT INTO `photos` (`id`, `album_id`, `media_id`) VALUES ('3', '3', '3');
INSERT INTO `photos` (`id`, `album_id`, `media_id`) VALUES ('4', '4', '4');
INSERT INTO `photos` (`id`, `album_id`, `media_id`) VALUES ('5', '5', '5');
INSERT INTO `photos` (`id`, `album_id`, `media_id`) VALUES ('6', '6', '6');
INSERT INTO `photos` (`id`, `album_id`, `media_id`) VALUES ('7', '7', '7');
INSERT INTO `photos` (`id`, `album_id`, `media_id`) VALUES ('8', '8', '8');
INSERT INTO `photos` (`id`, `album_id`, `media_id`) VALUES ('9', '9', '9');
INSERT INTO `photos` (`id`, `album_id`, `media_id`) VALUES ('10', '10', '10');
INSERT INTO `photos` (`id`, `album_id`, `media_id`) VALUES ('11', '11', '11');
INSERT INTO `photos` (`id`, `album_id`, `media_id`) VALUES ('12', '12', '12');
INSERT INTO `photos` (`id`, `album_id`, `media_id`) VALUES ('13', '13', '13');
INSERT INTO `photos` (`id`, `album_id`, `media_id`) VALUES ('14', '14', '14');
INSERT INTO `photos` (`id`, `album_id`, `media_id`) VALUES ('15', '15', '15');
INSERT INTO `photos` (`id`, `album_id`, `media_id`) VALUES ('16', '16', '16');
INSERT INTO `photos` (`id`, `album_id`, `media_id`) VALUES ('17', '17', '17');
INSERT INTO `photos` (`id`, `album_id`, `media_id`) VALUES ('18', '18', '18');
INSERT INTO `photos` (`id`, `album_id`, `media_id`) VALUES ('19', '19', '19');
INSERT INTO `photos` (`id`, `album_id`, `media_id`) VALUES ('20', '20', '20');
INSERT INTO `photos` (`id`, `album_id`, `media_id`) VALUES ('21', '21', '21');
INSERT INTO `photos` (`id`, `album_id`, `media_id`) VALUES ('22', '22', '22');
INSERT INTO `photos` (`id`, `album_id`, `media_id`) VALUES ('23', '23', '23');
INSERT INTO `photos` (`id`, `album_id`, `media_id`) VALUES ('24', '24', '24');
INSERT INTO `photos` (`id`, `album_id`, `media_id`) VALUES ('25', '25', '25');
INSERT INTO `photos` (`id`, `album_id`, `media_id`) VALUES ('26', '26', '26');
INSERT INTO `photos` (`id`, `album_id`, `media_id`) VALUES ('27', '27', '27');
INSERT INTO `photos` (`id`, `album_id`, `media_id`) VALUES ('28', '28', '28');
INSERT INTO `photos` (`id`, `album_id`, `media_id`) VALUES ('29', '29', '29');
INSERT INTO `photos` (`id`, `album_id`, `media_id`) VALUES ('30', '30', '30');
INSERT INTO `photos` (`id`, `album_id`, `media_id`) VALUES ('31', '31', '31');
INSERT INTO `photos` (`id`, `album_id`, `media_id`) VALUES ('32', '32', '32');
INSERT INTO `photos` (`id`, `album_id`, `media_id`) VALUES ('33', '33', '33');
INSERT INTO `photos` (`id`, `album_id`, `media_id`) VALUES ('34', '34', '34');
INSERT INTO `photos` (`id`, `album_id`, `media_id`) VALUES ('35', '35', '35');
INSERT INTO `photos` (`id`, `album_id`, `media_id`) VALUES ('36', '36', '36');
INSERT INTO `photos` (`id`, `album_id`, `media_id`) VALUES ('37', '37', '37');
INSERT INTO `photos` (`id`, `album_id`, `media_id`) VALUES ('38', '38', '38');
INSERT INTO `photos` (`id`, `album_id`, `media_id`) VALUES ('39', '39', '39');
INSERT INTO `photos` (`id`, `album_id`, `media_id`) VALUES ('40', '40', '40');
INSERT INTO `photos` (`id`, `album_id`, `media_id`) VALUES ('41', '41', '41');
INSERT INTO `photos` (`id`, `album_id`, `media_id`) VALUES ('42', '42', '42');
INSERT INTO `photos` (`id`, `album_id`, `media_id`) VALUES ('43', '43', '43');
INSERT INTO `photos` (`id`, `album_id`, `media_id`) VALUES ('44', '44', '44');
INSERT INTO `photos` (`id`, `album_id`, `media_id`) VALUES ('45', '45', '45');
INSERT INTO `photos` (`id`, `album_id`, `media_id`) VALUES ('46', '46', '46');
INSERT INTO `photos` (`id`, `album_id`, `media_id`) VALUES ('47', '47', '47');
INSERT INTO `photos` (`id`, `album_id`, `media_id`) VALUES ('48', '48', '48');
INSERT INTO `photos` (`id`, `album_id`, `media_id`) VALUES ('49', '49', '49');
INSERT INTO `photos` (`id`, `album_id`, `media_id`) VALUES ('50', '50', '50');
INSERT INTO `photos` (`id`, `album_id`, `media_id`) VALUES ('51', '51', '51');
INSERT INTO `photos` (`id`, `album_id`, `media_id`) VALUES ('52', '52', '52');
INSERT INTO `photos` (`id`, `album_id`, `media_id`) VALUES ('53', '53', '53');
INSERT INTO `photos` (`id`, `album_id`, `media_id`) VALUES ('54', '54', '54');
INSERT INTO `photos` (`id`, `album_id`, `media_id`) VALUES ('55', '55', '55');
INSERT INTO `photos` (`id`, `album_id`, `media_id`) VALUES ('56', '56', '56');
INSERT INTO `photos` (`id`, `album_id`, `media_id`) VALUES ('57', '57', '57');
INSERT INTO `photos` (`id`, `album_id`, `media_id`) VALUES ('58', '58', '58');
INSERT INTO `photos` (`id`, `album_id`, `media_id`) VALUES ('59', '59', '59');
INSERT INTO `photos` (`id`, `album_id`, `media_id`) VALUES ('60', '60', '60');
INSERT INTO `photos` (`id`, `album_id`, `media_id`) VALUES ('61', '61', '61');
INSERT INTO `photos` (`id`, `album_id`, `media_id`) VALUES ('62', '62', '62');
INSERT INTO `photos` (`id`, `album_id`, `media_id`) VALUES ('63', '63', '63');
INSERT INTO `photos` (`id`, `album_id`, `media_id`) VALUES ('64', '64', '64');
INSERT INTO `photos` (`id`, `album_id`, `media_id`) VALUES ('65', '65', '65');
INSERT INTO `photos` (`id`, `album_id`, `media_id`) VALUES ('66', '66', '66');
INSERT INTO `photos` (`id`, `album_id`, `media_id`) VALUES ('67', '67', '67');
INSERT INTO `photos` (`id`, `album_id`, `media_id`) VALUES ('68', '68', '68');
INSERT INTO `photos` (`id`, `album_id`, `media_id`) VALUES ('69', '69', '69');
INSERT INTO `photos` (`id`, `album_id`, `media_id`) VALUES ('70', '70', '70');
INSERT INTO `photos` (`id`, `album_id`, `media_id`) VALUES ('71', '71', '71');
INSERT INTO `photos` (`id`, `album_id`, `media_id`) VALUES ('72', '72', '72');
INSERT INTO `photos` (`id`, `album_id`, `media_id`) VALUES ('73', '73', '73');
INSERT INTO `photos` (`id`, `album_id`, `media_id`) VALUES ('74', '74', '74');
INSERT INTO `photos` (`id`, `album_id`, `media_id`) VALUES ('75', '75', '75');
INSERT INTO `photos` (`id`, `album_id`, `media_id`) VALUES ('76', '76', '76');
INSERT INTO `photos` (`id`, `album_id`, `media_id`) VALUES ('77', '77', '77');
INSERT INTO `photos` (`id`, `album_id`, `media_id`) VALUES ('78', '78', '78');
INSERT INTO `photos` (`id`, `album_id`, `media_id`) VALUES ('79', '79', '79');
INSERT INTO `photos` (`id`, `album_id`, `media_id`) VALUES ('80', '80', '80');
INSERT INTO `photos` (`id`, `album_id`, `media_id`) VALUES ('81', '81', '81');
INSERT INTO `photos` (`id`, `album_id`, `media_id`) VALUES ('82', '82', '82');
INSERT INTO `photos` (`id`, `album_id`, `media_id`) VALUES ('83', '83', '83');
INSERT INTO `photos` (`id`, `album_id`, `media_id`) VALUES ('84', '84', '84');
INSERT INTO `photos` (`id`, `album_id`, `media_id`) VALUES ('85', '85', '85');
INSERT INTO `photos` (`id`, `album_id`, `media_id`) VALUES ('86', '86', '86');
INSERT INTO `photos` (`id`, `album_id`, `media_id`) VALUES ('87', '87', '87');
INSERT INTO `photos` (`id`, `album_id`, `media_id`) VALUES ('88', '88', '88');
INSERT INTO `photos` (`id`, `album_id`, `media_id`) VALUES ('89', '89', '89');
INSERT INTO `photos` (`id`, `album_id`, `media_id`) VALUES ('90', '90', '90');
INSERT INTO `photos` (`id`, `album_id`, `media_id`) VALUES ('91', '91', '91');
INSERT INTO `photos` (`id`, `album_id`, `media_id`) VALUES ('92', '92', '92');
INSERT INTO `photos` (`id`, `album_id`, `media_id`) VALUES ('93', '93', '93');
INSERT INTO `photos` (`id`, `album_id`, `media_id`) VALUES ('94', '94', '94');
INSERT INTO `photos` (`id`, `album_id`, `media_id`) VALUES ('95', '95', '95');
INSERT INTO `photos` (`id`, `album_id`, `media_id`) VALUES ('96', '96', '96');
INSERT INTO `photos` (`id`, `album_id`, `media_id`) VALUES ('97', '97', '97');
INSERT INTO `photos` (`id`, `album_id`, `media_id`) VALUES ('98', '98', '98');
INSERT INTO `photos` (`id`, `album_id`, `media_id`) VALUES ('99', '99', '99');
INSERT INTO `photos` (`id`, `album_id`, `media_id`) VALUES ('100', '100', '100');


INSERT INTO `profiles` (`user_id`, `gender`, `birthday`, `photo_id`, `created_at`, `hometown`) VALUES ('101', NULL, '1972-08-06', '1', '2008-08-18 17:34:36', NULL);
INSERT INTO `profiles` (`user_id`, `gender`, `birthday`, `photo_id`, `created_at`, `hometown`) VALUES ('102', NULL, '2019-10-13', '2', '1993-12-20 05:30:27', NULL);
INSERT INTO `profiles` (`user_id`, `gender`, `birthday`, `photo_id`, `created_at`, `hometown`) VALUES ('103', NULL, '1992-08-16', '3', '1970-03-18 12:26:08', NULL);
INSERT INTO `profiles` (`user_id`, `gender`, `birthday`, `photo_id`, `created_at`, `hometown`) VALUES ('104', NULL, '1983-11-17', '4', '1977-05-08 01:17:42', NULL);
INSERT INTO `profiles` (`user_id`, `gender`, `birthday`, `photo_id`, `created_at`, `hometown`) VALUES ('105', NULL, '1996-11-20', '5', '2002-07-09 04:20:20', NULL);
INSERT INTO `profiles` (`user_id`, `gender`, `birthday`, `photo_id`, `created_at`, `hometown`) VALUES ('106', NULL, '1989-10-03', '6', '2000-06-25 08:12:28', NULL);
INSERT INTO `profiles` (`user_id`, `gender`, `birthday`, `photo_id`, `created_at`, `hometown`) VALUES ('107', NULL, '2014-01-03', '7', '1973-08-05 17:12:31', NULL);
INSERT INTO `profiles` (`user_id`, `gender`, `birthday`, `photo_id`, `created_at`, `hometown`) VALUES ('108', NULL, '1989-01-23', '8', '1984-01-23 05:26:41', NULL);
INSERT INTO `profiles` (`user_id`, `gender`, `birthday`, `photo_id`, `created_at`, `hometown`) VALUES ('109', NULL, '2012-08-20', '9', '1974-04-04 01:02:10', NULL);
INSERT INTO `profiles` (`user_id`, `gender`, `birthday`, `photo_id`, `created_at`, `hometown`) VALUES ('110', NULL, '2011-05-26', '10', '1998-11-01 22:11:08', NULL);
INSERT INTO `profiles` (`user_id`, `gender`, `birthday`, `photo_id`, `created_at`, `hometown`) VALUES ('111', NULL, '1984-01-05', '11', '2016-04-03 09:10:18', NULL);
INSERT INTO `profiles` (`user_id`, `gender`, `birthday`, `photo_id`, `created_at`, `hometown`) VALUES ('112', NULL, '2014-08-29', '12', '1981-03-03 06:31:02', NULL);
INSERT INTO `profiles` (`user_id`, `gender`, `birthday`, `photo_id`, `created_at`, `hometown`) VALUES ('113', NULL, '2010-10-30', '13', '2021-03-16 06:27:49', NULL);
INSERT INTO `profiles` (`user_id`, `gender`, `birthday`, `photo_id`, `created_at`, `hometown`) VALUES ('114', NULL, '1995-07-19', '14', '1998-11-30 18:14:35', NULL);
INSERT INTO `profiles` (`user_id`, `gender`, `birthday`, `photo_id`, `created_at`, `hometown`) VALUES ('116', NULL, '2017-10-26', '15', '1970-04-08 19:39:27', NULL);
INSERT INTO `profiles` (`user_id`, `gender`, `birthday`, `photo_id`, `created_at`, `hometown`) VALUES ('117', NULL, '2006-11-04', '16', '2006-11-18 07:26:29', NULL);
INSERT INTO `profiles` (`user_id`, `gender`, `birthday`, `photo_id`, `created_at`, `hometown`) VALUES ('118', NULL, '1997-03-04', '17', '2003-05-28 16:01:40', NULL);
INSERT INTO `profiles` (`user_id`, `gender`, `birthday`, `photo_id`, `created_at`, `hometown`) VALUES ('124', NULL, '1995-12-10', '18', '2012-06-18 12:57:15', NULL);
INSERT INTO `profiles` (`user_id`, `gender`, `birthday`, `photo_id`, `created_at`, `hometown`) VALUES ('126', NULL, '1988-12-27', '19', '1994-08-16 23:24:44', NULL);
INSERT INTO `profiles` (`user_id`, `gender`, `birthday`, `photo_id`, `created_at`, `hometown`) VALUES ('128', NULL, '2006-08-07', '20', '2001-04-23 23:30:07', NULL);
INSERT INTO `profiles` (`user_id`, `gender`, `birthday`, `photo_id`, `created_at`, `hometown`) VALUES ('129', NULL, '2011-10-28', '21', '1972-05-23 12:47:37', NULL);
INSERT INTO `profiles` (`user_id`, `gender`, `birthday`, `photo_id`, `created_at`, `hometown`) VALUES ('130', NULL, '1993-08-16', '22', '2020-02-26 15:47:10', NULL);
INSERT INTO `profiles` (`user_id`, `gender`, `birthday`, `photo_id`, `created_at`, `hometown`) VALUES ('131', NULL, '1986-09-09', '23', '1989-06-04 07:46:11', NULL);
INSERT INTO `profiles` (`user_id`, `gender`, `birthday`, `photo_id`, `created_at`, `hometown`) VALUES ('134', NULL, '1972-07-24', '24', '2001-09-19 02:36:00', NULL);
INSERT INTO `profiles` (`user_id`, `gender`, `birthday`, `photo_id`, `created_at`, `hometown`) VALUES ('136', NULL, '1996-08-31', '25', '1997-09-16 23:02:18', NULL);
INSERT INTO `profiles` (`user_id`, `gender`, `birthday`, `photo_id`, `created_at`, `hometown`) VALUES ('137', NULL, '1977-11-09', '26', '1975-02-07 21:59:23', NULL);
INSERT INTO `profiles` (`user_id`, `gender`, `birthday`, `photo_id`, `created_at`, `hometown`) VALUES ('138', NULL, '1998-07-15', '27', '2005-03-06 02:21:50', NULL);
INSERT INTO `profiles` (`user_id`, `gender`, `birthday`, `photo_id`, `created_at`, `hometown`) VALUES ('140', NULL, '1993-05-03', '28', '1973-01-27 13:56:14', NULL);
INSERT INTO `profiles` (`user_id`, `gender`, `birthday`, `photo_id`, `created_at`, `hometown`) VALUES ('141', NULL, '1991-07-26', '29', '1978-06-28 15:45:04', NULL);
INSERT INTO `profiles` (`user_id`, `gender`, `birthday`, `photo_id`, `created_at`, `hometown`) VALUES ('143', NULL, '1992-08-11', '30', '2018-01-18 23:28:40', NULL);
INSERT INTO `profiles` (`user_id`, `gender`, `birthday`, `photo_id`, `created_at`, `hometown`) VALUES ('146', NULL, '2001-04-05', '31', '1982-09-18 03:03:52', NULL);
INSERT INTO `profiles` (`user_id`, `gender`, `birthday`, `photo_id`, `created_at`, `hometown`) VALUES ('147', NULL, '1983-07-07', '32', '2006-06-18 04:24:20', NULL);
INSERT INTO `profiles` (`user_id`, `gender`, `birthday`, `photo_id`, `created_at`, `hometown`) VALUES ('148', NULL, '2007-11-15', '33', '2014-06-30 15:59:16', NULL);
INSERT INTO `profiles` (`user_id`, `gender`, `birthday`, `photo_id`, `created_at`, `hometown`) VALUES ('152', NULL, '2014-08-27', '34', '1971-02-27 04:41:16', NULL);
INSERT INTO `profiles` (`user_id`, `gender`, `birthday`, `photo_id`, `created_at`, `hometown`) VALUES ('153', NULL, '1975-06-26', '35', '1982-08-23 10:32:38', NULL);
INSERT INTO `profiles` (`user_id`, `gender`, `birthday`, `photo_id`, `created_at`, `hometown`) VALUES ('155', NULL, '1988-04-25', '36', '1990-01-28 01:03:59', NULL);
INSERT INTO `profiles` (`user_id`, `gender`, `birthday`, `photo_id`, `created_at`, `hometown`) VALUES ('158', NULL, '2002-05-28', '37', '1989-01-04 04:37:01', NULL);
INSERT INTO `profiles` (`user_id`, `gender`, `birthday`, `photo_id`, `created_at`, `hometown`) VALUES ('159', NULL, '1989-10-15', '38', '2020-04-27 11:24:24', NULL);
INSERT INTO `profiles` (`user_id`, `gender`, `birthday`, `photo_id`, `created_at`, `hometown`) VALUES ('160', NULL, '1989-09-11', '39', '2006-08-23 04:57:49', NULL);
INSERT INTO `profiles` (`user_id`, `gender`, `birthday`, `photo_id`, `created_at`, `hometown`) VALUES ('161', NULL, '2012-12-20', '40', '2012-08-08 14:10:48', NULL);
INSERT INTO `profiles` (`user_id`, `gender`, `birthday`, `photo_id`, `created_at`, `hometown`) VALUES ('165', NULL, '2019-02-03', '41', '2010-02-05 20:09:01', NULL);
INSERT INTO `profiles` (`user_id`, `gender`, `birthday`, `photo_id`, `created_at`, `hometown`) VALUES ('167', NULL, '1982-05-08', '42', '1994-04-12 01:59:26', NULL);
INSERT INTO `profiles` (`user_id`, `gender`, `birthday`, `photo_id`, `created_at`, `hometown`) VALUES ('171', NULL, '1995-03-17', '43', '1984-08-31 19:07:04', NULL);
INSERT INTO `profiles` (`user_id`, `gender`, `birthday`, `photo_id`, `created_at`, `hometown`) VALUES ('173', NULL, '1985-07-05', '44', '2009-01-03 15:55:17', NULL);
INSERT INTO `profiles` (`user_id`, `gender`, `birthday`, `photo_id`, `created_at`, `hometown`) VALUES ('174', NULL, '1999-04-20', '45', '2013-01-25 10:24:49', NULL);
INSERT INTO `profiles` (`user_id`, `gender`, `birthday`, `photo_id`, `created_at`, `hometown`) VALUES ('175', NULL, '2019-05-02', '46', '1986-01-20 13:49:18', NULL);
INSERT INTO `profiles` (`user_id`, `gender`, `birthday`, `photo_id`, `created_at`, `hometown`) VALUES ('177', NULL, '2021-02-19', '47', '1993-05-04 11:54:13', NULL);
INSERT INTO `profiles` (`user_id`, `gender`, `birthday`, `photo_id`, `created_at`, `hometown`) VALUES ('180', NULL, '2012-01-08', '48', '2004-04-24 15:32:29', NULL);
INSERT INTO `profiles` (`user_id`, `gender`, `birthday`, `photo_id`, `created_at`, `hometown`) VALUES ('182', NULL, '1976-04-03', '49', '2017-03-01 21:31:21', NULL);
INSERT INTO `profiles` (`user_id`, `gender`, `birthday`, `photo_id`, `created_at`, `hometown`) VALUES ('183', NULL, '2011-05-15', '50', '1993-09-18 11:32:53', NULL);
INSERT INTO `profiles` (`user_id`, `gender`, `birthday`, `photo_id`, `created_at`, `hometown`) VALUES ('184', NULL, '2014-08-24', '51', '2015-11-16 07:01:06', NULL);
INSERT INTO `profiles` (`user_id`, `gender`, `birthday`, `photo_id`, `created_at`, `hometown`) VALUES ('185', NULL, '1999-09-12', '52', '1985-02-28 21:51:27', NULL);
INSERT INTO `profiles` (`user_id`, `gender`, `birthday`, `photo_id`, `created_at`, `hometown`) VALUES ('186', NULL, '1981-04-05', '53', '1995-06-21 16:54:03', NULL);
INSERT INTO `profiles` (`user_id`, `gender`, `birthday`, `photo_id`, `created_at`, `hometown`) VALUES ('187', NULL, '1974-10-26', '54', '2011-07-20 08:37:52', NULL);
INSERT INTO `profiles` (`user_id`, `gender`, `birthday`, `photo_id`, `created_at`, `hometown`) VALUES ('188', NULL, '1987-07-29', '55', '1970-09-18 09:28:35', NULL);
INSERT INTO `profiles` (`user_id`, `gender`, `birthday`, `photo_id`, `created_at`, `hometown`) VALUES ('189', NULL, '1997-05-05', '56', '2019-07-27 22:46:37', NULL);
INSERT INTO `profiles` (`user_id`, `gender`, `birthday`, `photo_id`, `created_at`, `hometown`) VALUES ('190', NULL, '1977-08-07', '57', '2014-11-29 21:38:47', NULL);
INSERT INTO `profiles` (`user_id`, `gender`, `birthday`, `photo_id`, `created_at`, `hometown`) VALUES ('191', NULL, '2007-11-25', '58', '2017-11-02 05:57:33', NULL);
INSERT INTO `profiles` (`user_id`, `gender`, `birthday`, `photo_id`, `created_at`, `hometown`) VALUES ('194', NULL, '2008-03-18', '59', '2020-07-09 20:29:19', NULL);
INSERT INTO `profiles` (`user_id`, `gender`, `birthday`, `photo_id`, `created_at`, `hometown`) VALUES ('195', NULL, '1980-12-15', '60', '1971-04-02 15:48:38', NULL);
INSERT INTO `profiles` (`user_id`, `gender`, `birthday`, `photo_id`, `created_at`, `hometown`) VALUES ('196', NULL, '1979-04-13', '61', '1975-04-05 07:48:36', NULL);
INSERT INTO `profiles` (`user_id`, `gender`, `birthday`, `photo_id`, `created_at`, `hometown`) VALUES ('199', NULL, '1986-02-27', '62', '1977-04-28 06:34:35', NULL);
INSERT INTO `profiles` (`user_id`, `gender`, `birthday`, `photo_id`, `created_at`, `hometown`) VALUES ('200', NULL, '1994-03-08', '63', '1985-09-11 20:33:51', NULL);